window,model,target_capacity,reviewed_runs,actual_capacity,failures,captured,false_alerts,recall,precision,lift,random_expected_captured,random_capture_lower95,random_capture_upper95,random_p_ge_observed_descriptive,boundary_tie_size
1,selected_policy,0.05,8,0.050955414012738856,9,1,7,0.1111111111111111,0.125,2.1805555555555554,0.4585987261146497,0.0,2.0,0.38336808338049894,1
1,selected_policy,0.1,16,0.10191082802547771,9,2,14,0.2222222222222222,0.125,2.1805555555555554,0.9171974522292994,0.0,3.0,0.22953541089462384,1
1,selected_policy,0.2,32,0.20382165605095542,9,2,30,0.2222222222222222,0.0625,1.0902777777777777,1.8343949044585988,0.0,4.0,0.5814174828742572,1
1,selected_policy,0.3,48,0.3057324840764331,9,3,45,0.3333333333333333,0.0625,1.0902777777777777,2.751592356687898,0.0,5.0,0.5562527934255344,1
1,constant_prevalence,0.05,8,0.050955414012738856,9,0,8,0.0,0.0,0.0,0.4585987261146497,0.0,2.0,1.0,157
1,constant_prevalence,0.1,16,0.10191082802547771,9,0,16,0.0,0.0,0.0,0.9171974522292994,0.0,3.0,1.0,157
1,constant_prevalence,0.2,32,0.20382165605095542,9,1,31,0.1111111111111111,0.03125,0.5451388888888888,1.8343949044585988,0.0,4.0,0.8790761617192299,157
1,constant_prevalence,0.3,48,0.3057324840764331,9,1,47,0.1111111111111111,0.020833333333333332,0.36342592592592593,2.751592356687898,0.0,5.0,0.9662825174276073,157
1,logistic_selected,0.05,8,0.050955414012738856,9,1,7,0.1111111111111111,0.125,2.1805555555555554,0.4585987261146497,0.0,2.0,0.38336808338049894,1
1,logistic_selected,0.1,16,0.10191082802547771,9,2,14,0.2222222222222222,0.125,2.1805555555555554,0.9171974522292994,0.0,3.0,0.22953541089462384,1
1,logistic_selected,0.2,32,0.20382165605095542,9,2,30,0.2222222222222222,0.0625,1.0902777777777777,1.8343949044585988,0.0,4.0,0.5814174828742572,1
1,logistic_selected,0.3,48,0.3057324840764331,9,3,45,0.3333333333333333,0.0625,1.0902777777777777,2.751592356687898,0.0,5.0,0.5562527934255344,1
1,random_forest,0.05,8,0.050955414012738856,9,4,4,0.4444444444444444,0.5,8.722222222222221,0.4585987261146497,0.0,2.0,0.0003254458370016986,1
1,random_forest,0.1,16,0.10191082802547771,9,4,12,0.4444444444444444,0.25,4.361111111111111,0.9171974522292994,0.0,3.0,0.00679715225568614,1
1,random_forest,0.2,32,0.20382165605095542,9,4,28,0.4444444444444444,0.125,2.1805555555555554,1.8343949044585988,0.0,4.0,0.08462722526061371,1
1,random_forest,0.3,48,0.3057324840764331,9,4,44,0.4444444444444444,0.08333333333333333,1.4537037037037037,2.751592356687898,0.0,5.0,0.27925737581377785,1
1,rf_without_selection,0.05,8,0.050955414012738856,9,4,4,0.4444444444444444,0.5,8.722222222222221,0.4585987261146497,0.0,2.0,0.0003254458370016986,1
1,rf_without_selection,0.1,16,0.10191082802547771,9,5,11,0.5555555555555556,0.3125,5.451388888888889,0.9171974522292994,0.0,3.0,0.0005748856748913502,1
1,rf_without_selection,0.2,32,0.20382165605095542,9,5,27,0.5555555555555556,0.15625,2.7256944444444446,1.8343949044585988,0.0,4.0,0.01792853326618938,1
1,rf_without_selection,0.3,48,0.3057324840764331,9,5,43,0.5555555555555556,0.10416666666666667,1.8171296296296298,2.751592356687898,0.0,5.0,0.09947669611383986,1
1,rf_missing_indicator,0.05,8,0.050955414012738856,9,2,6,0.2222222222222222,0.25,4.361111111111111,0.4585987261146497,0.0,2.0,0.06849221106415794,1
1,rf_missing_indicator,0.1,16,0.10191082802547771,9,2,14,0.2222222222222222,0.125,2.1805555555555554,0.9171974522292994,0.0,3.0,0.22953541089462384,1
1,rf_missing_indicator,0.2,32,0.20382165605095542,9,4,28,0.4444444444444444,0.125,2.1805555555555554,1.8343949044585988,0.0,4.0,0.08462722526061371,1
1,rf_missing_indicator,0.3,48,0.3057324840764331,9,5,43,0.5555555555555556,0.10416666666666667,1.8171296296296298,2.751592356687898,0.0,5.0,0.09947669611383986,1
2,selected_policy,0.05,8,0.05128205128205128,2,0,8,0.0,0.0,0.0,0.10256410256410256,0.0,1.0,1.0,1
2,selected_policy,0.1,16,0.10256410256410256,2,0,16,0.0,0.0,0.0,0.20512820512820512,0.0,1.0,1.0,1
2,selected_policy,0.2,32,0.20512820512820512,2,0,32,0.0,0.0,0.0,0.41025641025641024,0.0,2.0,1.0,1
2,selected_policy,0.3,47,0.30128205128205127,2,0,47,0.0,0.0,0.0,0.6025641025641025,0.0,2.0,1.0,1
2,constant_prevalence,0.05,8,0.05128205128205128,2,0,8,0.0,0.0,0.0,0.10256410256410256,0.0,1.0,1.0,156
2,constant_prevalence,0.1,16,0.10256410256410256,2,1,15,0.5,0.0625,4.875,0.20512820512820512,0.0,1.0,0.19520264681555008,156
2,constant_prevalence,0.2,32,0.20512820512820512,2,1,31,0.5,0.03125,2.4375,0.41025641025641024,0.0,2.0,0.3692307692307693,156
2,constant_prevalence,0.3,47,0.30128205128205127,2,1,46,0.5,0.02127659574468085,1.6595744680851066,0.6025641025641025,0.0,2.0,0.513151364764268,156
2,logistic_selected,0.05,8,0.05128205128205128,2,0,8,0.0,0.0,0.0,0.10256410256410256,0.0,1.0,1.0,1
2,logistic_selected,0.1,16,0.10256410256410256,2,0,16,0.0,0.0,0.0,0.20512820512820512,0.0,1.0,1.0,1
2,logistic_selected,0.2,32,0.20512820512820512,2,0,32,0.0,0.0,0.0,0.41025641025641024,0.0,2.0,1.0,1
2,logistic_selected,0.3,47,0.30128205128205127,2,0,47,0.0,0.0,0.0,0.6025641025641025,0.0,2.0,1.0,1
2,random_forest,0.05,8,0.05128205128205128,2,0,8,0.0,0.0,0.0,0.10256410256410256,0.0,1.0,1.0,1
2,random_forest,0.1,16,0.10256410256410256,2,0,16,0.0,0.0,0.0,0.20512820512820512,0.0,1.0,1.0,1
2,random_forest,0.2,32,0.20512820512820512,2,1,31,0.5,0.03125,2.4375,0.41025641025641024,0.0,2.0,0.3692307692307693,1
2,random_forest,0.3,47,0.30128205128205127,2,1,46,0.5,0.02127659574468085,1.6595744680851066,0.6025641025641025,0.0,2.0,0.513151364764268,1
2,rf_without_selection,0.05,8,0.05128205128205128,2,1,7,0.5,0.125,9.75,0.10256410256410256,0.0,1.0,0.10024813895781638,1
2,rf_without_selection,0.1,16,0.10256410256410256,2,1,15,0.5,0.0625,4.875,0.20512820512820512,0.0,1.0,0.19520264681555008,1
2,rf_without_selection,0.2,32,0.20512820512820512,2,1,31,0.5,0.03125,2.4375,0.41025641025641024,0.0,2.0,0.3692307692307693,1
2,rf_without_selection,0.3,47,0.30128205128205127,2,2,45,1.0,0.0425531914893617,3.319148936170213,0.6025641025641025,0.0,2.0,0.08941273779983458,1
2,rf_missing_indicator,0.05,8,0.05128205128205128,2,0,8,0.0,0.0,0.0,0.10256410256410256,0.0,1.0,1.0,1
2,rf_missing_indicator,0.1,16,0.10256410256410256,2,1,15,0.5,0.0625,4.875,0.20512820512820512,0.0,1.0,0.19520264681555008,1
2,rf_missing_indicator,0.2,32,0.20512820512820512,2,1,31,0.5,0.03125,2.4375,0.41025641025641024,0.0,2.0,0.3692307692307693,1
2,rf_missing_indicator,0.3,47,0.30128205128205127,2,2,45,1.0,0.0425531914893617,3.319148936170213,0.6025641025641025,0.0,2.0,0.08941273779983458,1
3,selected_policy,0.05,8,0.050955414012738856,9,0,8,0.0,0.0,0.0,0.4585987261146497,0.0,2.0,1.0,1
3,selected_policy,0.1,16,0.10191082802547771,9,2,14,0.2222222222222222,0.125,2.1805555555555554,0.9171974522292994,0.0,3.0,0.22953541089462384,1
3,selected_policy,0.2,32,0.20382165605095542,9,3,29,0.3333333333333333,0.09375,1.6354166666666665,1.8343949044585988,0.0,4.0,0.2686236169693705,1
3,selected_policy,0.3,48,0.3057324840764331,9,4,44,0.4444444444444444,0.08333333333333333,1.4537037037037037,2.751592356687898,0.0,5.0,0.27925737581377785,1
3,constant_prevalence,0.05,8,0.050955414012738856,9,0,8,0.0,0.0,0.0,0.4585987261146497,0.0,2.0,1.0,157
3,constant_prevalence,0.1,16,0.10191082802547771,9,0,16,0.0,0.0,0.0,0.9171974522292994,0.0,3.0,1.0,157
3,constant_prevalence,0.2,32,0.20382165605095542,9,0,32,0.0,0.0,0.0,1.8343949044585988,0.0,4.0,1.0,157
3,constant_prevalence,0.3,48,0.3057324840764331,9,1,47,0.1111111111111111,0.020833333333333332,0.36342592592592593,2.751592356687898,0.0,5.0,0.9662825174276073,157
3,logistic_selected,0.05,8,0.050955414012738856,9,1,7,0.1111111111111111,0.125,2.1805555555555554,0.4585987261146497,0.0,2.0,0.38336808338049894,1
3,logistic_selected,0.1,16,0.10191082802547771,9,3,13,0.3333333333333333,0.1875,3.270833333333333,0.9171974522292994,0.0,3.0,0.05019347302430622,1
3,logistic_selected,0.2,32,0.20382165605095542,9,3,29,0.3333333333333333,0.09375,1.6354166666666665,1.8343949044585988,0.0,4.0,0.2686236169693705,1
3,logistic_selected,0.3,48,0.3057324840764331,9,3,45,0.3333333333333333,0.0625,1.0902777777777777,2.751592356687898,0.0,5.0,0.5562527934255344,1
3,random_forest,0.05,8,0.050955414012738856,9,0,8,0.0,0.0,0.0,0.4585987261146497,0.0,2.0,1.0,1
3,random_forest,0.1,16,0.10191082802547771,9,2,14,0.2222222222222222,0.125,2.1805555555555554,0.9171974522292994,0.0,3.0,0.22953541089462384,1
3,random_forest,0.2,32,0.20382165605095542,9,3,29,0.3333333333333333,0.09375,1.6354166666666665,1.8343949044585988,0.0,4.0,0.2686236169693705,1
3,random_forest,0.3,48,0.3057324840764331,9,4,44,0.4444444444444444,0.08333333333333333,1.4537037037037037,2.751592356687898,0.0,5.0,0.27925737581377785,1
3,rf_without_selection,0.05,8,0.050955414012738856,9,0,8,0.0,0.0,0.0,0.4585987261146497,0.0,2.0,1.0,1
3,rf_without_selection,0.1,16,0.10191082802547771,9,0,16,0.0,0.0,0.0,0.9171974522292994,0.0,3.0,1.0,1
3,rf_without_selection,0.2,32,0.20382165605095542,9,4,28,0.4444444444444444,0.125,2.1805555555555554,1.8343949044585988,0.0,4.0,0.08462722526061371,1
3,rf_without_selection,0.3,48,0.3057324840764331,9,4,44,0.4444444444444444,0.08333333333333333,1.4537037037037037,2.751592356687898,0.0,5.0,0.27925737581377785,1
3,rf_missing_indicator,0.05,8,0.050955414012738856,9,0,8,0.0,0.0,0.0,0.4585987261146497,0.0,2.0,1.0,1
3,rf_missing_indicator,0.1,16,0.10191082802547771,9,0,16,0.0,0.0,0.0,0.9171974522292994,0.0,3.0,1.0,1
3,rf_missing_indicator,0.2,32,0.20382165605095542,9,1,31,0.1111111111111111,0.03125,0.5451388888888888,1.8343949044585988,0.0,4.0,0.8790761617192299,1
3,rf_missing_indicator,0.3,48,0.3057324840764331,9,2,46,0.2222222222222222,0.041666666666666664,0.7268518518518519,2.751592356687898,0.0,5.0,0.8220651662268782,1
4,selected_policy,0.05,16,0.050955414012738856,17,3,13,0.17647058823529413,0.1875,3.463235294117647,0.8662420382165605,0.0,3.0,0.04766608653316308,1
4,selected_policy,0.1,32,0.10191082802547771,17,5,27,0.29411764705882354,0.15625,2.8860294117647056,1.732484076433121,0.0,4.0,0.02038444817981924,1
4,selected_policy,0.2,63,0.20063694267515925,17,6,57,0.35294117647058826,0.09523809523809523,1.7591036414565826,3.410828025477707,1.0,7.0,0.10096830397251456,1
4,selected_policy,0.3,95,0.30254777070063693,17,8,87,0.47058823529411764,0.08421052631578947,1.5554179566563469,5.143312101910828,2.0,9.0,0.10285612834412736,1
4,constant_prevalence,0.05,16,0.050955414012738856,17,0,16,0.0,0.0,0.0,0.8662420382165605,0.0,3.0,1.0,314
4,constant_prevalence,0.1,32,0.10191082802547771,17,1,31,0.058823529411764705,0.03125,0.5772058823529411,1.732484076433121,0.0,4.0,0.8471514626628056,314
4,constant_prevalence,0.2,63,0.20063694267515925,17,3,60,0.17647058823529413,0.047619047619047616,0.8795518207282913,3.410828025477707,1.0,7.0,0.6997427377026129,314
4,constant_prevalence,0.3,95,0.30254777070063693,17,5,90,0.29411764705882354,0.05263157894736842,0.9721362229102168,5.143312101910828,2.0,9.0,0.624861673977566,314
4,logistic_selected,0.05,16,0.050955414012738856,17,3,13,0.17647058823529413,0.1875,3.463235294117647,0.8662420382165605,0.0,3.0,0.04766608653316308,1
4,logistic_selected,0.1,32,0.10191082802547771,17,5,27,0.29411764705882354,0.15625,2.8860294117647056,1.732484076433121,0.0,4.0,0.02038444817981924,1
4,logistic_selected,0.2,63,0.20063694267515925,17,6,57,0.35294117647058826,0.09523809523809523,1.7591036414565826,3.410828025477707,1.0,7.0,0.10096830397251456,1
4,logistic_selected,0.3,95,0.30254777070063693,17,8,87,0.47058823529411764,0.08421052631578947,1.5554179566563469,5.143312101910828,2.0,9.0,0.10285612834412736,1
4,random_forest,0.05,16,0.050955414012738856,17,0,16,0.0,0.0,0.0,0.8662420382165605,0.0,3.0,1.0,1
4,random_forest,0.1,32,0.10191082802547771,17,3,29,0.17647058823529413,0.09375,1.7316176470588236,1.732484076433121,0.0,4.0,0.2442108777681477,1
4,random_forest,0.2,63,0.20063694267515925,17,6,57,0.35294117647058826,0.09523809523809523,1.7591036414565826,3.410828025477707,1.0,7.0,0.10096830397251456,1
4,random_forest,0.3,95,0.30254777070063693,17,8,87,0.47058823529411764,0.08421052631578947,1.5554179566563469,5.143312101910828,2.0,9.0,0.10285612834412736,1
4,rf_without_selection,0.05,16,0.050955414012738856,17,2,14,0.11764705882352941,0.125,2.3088235294117645,0.8662420382165605,0.0,3.0,0.21176623823443097,1
4,rf_without_selection,0.1,32,0.10191082802547771,17,5,27,0.29411764705882354,0.15625,2.8860294117647056,1.732484076433121,0.0,4.0,0.02038444817981924,1
4,rf_without_selection,0.2,63,0.20063694267515925,17,5,58,0.29411764705882354,0.07936507936507936,1.4659197012138188,3.410828025477707,1.0,7.0,0.2394525709353205,1
4,rf_without_selection,0.3,95,0.30254777070063693,17,6,89,0.35294117647058826,0.06315789473684211,1.1665634674922603,5.143312101910828,2.0,9.0,0.4113167577584212,1
4,rf_missing_indicator,0.05,16,0.050955414012738856,17,1,15,0.058823529411764705,0.0625,1.1544117647058822,0.8662420382165605,0.0,3.0,0.5987690959965872,1
4,rf_missing_indicator,0.1,32,0.10191082802547771,17,3,29,0.17647058823529413,0.09375,1.7316176470588236,1.732484076433121,0.0,4.0,0.2442108777681477,1
4,rf_missing_indicator,0.2,63,0.20063694267515925,17,3,60,0.17647058823529413,0.047619047619047616,0.8795518207282913,3.410828025477707,1.0,7.0,0.6997427377026129,1
4,rf_missing_indicator,0.3,95,0.30254777070063693,17,7,88,0.4117647058823529,0.07368421052631578,1.3609907120743034,5.143312101910828,2.0,9.0,0.22651827256877666,1
