feature,mean,scale,i_limit_z,mr_limit_z
sensor_459,2.8721538011695906,0.8112258043732282,2.5409255556630406,3.1207533046432903
sensor_455,3.8441480994152046,1.018715820285541,2.251072086092603,2.7647565809265164
sensor_319,8.365631432748538,2.2831240506422503,2.1933418818606376,2.693852604525828
sensor_187,18.15143260233918,5.117325998947745,2.548144346195795,3.129619390609647
sensor_183,28.175980994152052,7.49923288091818,2.2573648665718613,2.7724853455226577
sensor_564,6.119678362573099,2.233767189167728,2.4782344621864962,3.043756386452362
sensor_568,2.352627485380117,0.8679494359536684,2.470441389801207,3.034184970105467
sensor_323,5.445080847953217,1.4987584151840743,2.568867152353037,3.1550710476456283
sensor_566,2.4921206140350876,0.9120539107766708,2.4297984129705688,2.9842674493138523
sensor_550,17.573625730994152,5.330506722193916,1.7707780620186546,2.1748616272988515
sensor_472,132.39668040935672,51.243006725096194,2.704020309049214,3.321065544986384
sensor_556,4.339763888888889,1.4019389429406726,1.6618863785247469,2.0411213528723113
sensor_128,3.187684210526316,0.1879832466191557,1.6297587973223908,2.001662402576034
sensor_553,7.956941228070176,2.3510588489577664,1.8572103535193163,2.2810173777998517
sensor_527,7.296207748538012,1.6112730159780295,2.5207980120329583,3.096032746357772
