feature,missing_rate,observed_unique_values
sensor_000,0.0038289725590299937,1520
sensor_001,0.004467134652201659,1504
sensor_002,0.008934269304403318,507
sensor_003,0.008934269304403318,518
sensor_004,0.008934269304403318,503
sensor_005,0.008934269304403318,1
sensor_006,0.008934269304403318,510
sensor_007,0.00574345883854499,89
sensor_008,0.0012763241863433313,1208
sensor_009,0.0012763241863433313,568
sensor_010,0.0012763241863433313,392
sensor_011,0.0012763241863433313,378
sensor_012,0.0012763241863433313,1547
sensor_013,0.0019144862795149968,1
sensor_014,0.0019144862795149968,1555
sensor_015,0.0019144862795149968,1561
sensor_016,0.0019144862795149968,1477
sensor_017,0.0019144862795149968,281
sensor_018,0.0019144862795149968,1548
sensor_019,0.006381620931716656,361
sensor_020,0.0,552
sensor_021,0.0012763241863433313,1295
sensor_022,0.0012763241863433313,1176
sensor_023,0.0012763241863433313,1480
sensor_024,0.0012763241863433313,1494
sensor_025,0.0012763241863433313,704
sensor_026,0.0012763241863433313,624
sensor_027,0.0012763241863433313,1148
sensor_028,0.0012763241863433313,869
sensor_029,0.0012763241863433313,188
sensor_030,0.0012763241863433313,842
sensor_031,0.0012763241863433313,1275
sensor_032,0.0006381620931716656,338
sensor_033,0.0006381620931716656,330
sensor_034,0.0006381620931716656,329
sensor_035,0.0006381620931716656,331
sensor_036,0.0006381620931716656,330
sensor_037,0.0006381620931716656,325
sensor_038,0.0006381620931716656,329
sensor_039,0.0006381620931716656,333
sensor_040,0.015315890236119975,291
sensor_041,0.015315890236119975,315
sensor_042,0.0006381620931716656,1
sensor_043,0.0006381620931716656,1523
sensor_044,0.0006381620931716656,1376
sensor_045,0.0006381620931716656,1520
sensor_046,0.0006381620931716656,1562
sensor_047,0.0006381620931716656,1341
sensor_048,0.0006381620931716656,1486
sensor_049,0.0006381620931716656,1
sensor_050,0.0006381620931716656,1520
sensor_051,0.0006381620931716656,1562
sensor_052,0.0006381620931716656,1
sensor_053,0.0025526483726866626,153
sensor_054,0.0025526483726866626,169
sensor_055,0.0025526483726866626,107
sensor_056,0.0025526483726866626,187
sensor_057,0.0025526483726866626,159
sensor_058,0.0025526483726866626,382
sensor_059,0.004467134652201659,1500
sensor_060,0.0038289725590299937,1498
sensor_061,0.0038289725590299937,1418
sensor_062,0.0038289725590299937,1518
sensor_063,0.004467134652201659,1534
sensor_064,0.004467134652201659,1496
sensor_065,0.004467134652201659,1550
sensor_066,0.0038289725590299937,1559
sensor_067,0.0038289725590299937,1306
sensor_068,0.0038289725590299937,1479
sensor_069,0.0038289725590299937,1
sensor_070,0.0038289725590299937,1533
sensor_071,0.0038289725590299937,1557
sensor_072,0.5067007019783025,773
sensor_073,0.5067007019783025,770
sensor_074,0.0038289725590299937,2
sensor_075,0.015315890236119975,675
sensor_076,0.015315890236119975,891
sensor_077,0.015315890236119975,842
sensor_078,0.015315890236119975,995
sensor_079,0.015315890236119975,691
sensor_080,0.015315890236119975,922
sensor_081,0.015315890236119975,580
sensor_082,0.015315890236119975,888
sensor_083,0.0006381620931716656,1506
sensor_084,0.007657945118059987,180
sensor_085,0.8557753669432036,97
sensor_086,0.0,472
sensor_087,0.0,249
sensor_088,0.0,973
sensor_089,0.03254626675175495,650
sensor_090,0.03254626675175495,1513
sensor_091,0.0038289725590299937,1191
sensor_092,0.0012763241863433313,180
sensor_093,0.0012763241863433313,174
sensor_094,0.0038289725590299937,22
sensor_095,0.0038289725590299937,14
sensor_096,0.0038289725590299937,1333
sensor_097,0.0038289725590299937,1
sensor_098,0.0038289725590299937,1420
sensor_099,0.0038289725590299937,272
sensor_100,0.0038289725590299937,35
sensor_101,0.0038289725590299937,29
sensor_102,0.0038289725590299937,1066
sensor_103,0.0012763241863433313,153
sensor_104,0.0012763241863433313,55
sensor_105,0.0038289725590299937,177
sensor_106,0.0038289725590299937,180
sensor_107,0.0038289725590299937,1159
sensor_108,0.0038289725590299937,1183
sensor_109,0.6496490108487556,96
sensor_110,0.6496490108487556,546
sensor_111,0.6496490108487556,545
sensor_112,0.4562858966177409,249
sensor_113,0.0,468
sensor_114,0.0,20
sensor_115,0.0,1567
sensor_116,0.0,136
sensor_117,0.0,1527
sensor_118,0.015315890236119975,328
sensor_119,0.0,249
sensor_120,0.0,1269
sensor_121,0.00574345883854499,54
sensor_122,0.00574345883854499,309
sensor_123,0.00574345883854499,50
sensor_124,0.00574345883854499,59
sensor_125,0.00574345883854499,155
sensor_126,0.00574345883854499,273
sensor_127,0.00574345883854499,324
sensor_128,0.00574345883854499,268
sensor_129,0.00574345883854499,93
sensor_130,0.00574345883854499,310
sensor_131,0.00574345883854499,68
sensor_132,0.005105296745373325,306
sensor_133,0.005105296745373325,336
sensor_134,0.005105296745373325,335
sensor_135,0.003190810465858328,134
sensor_136,0.0038289725590299937,1089
sensor_137,0.004467134652201659,1059
sensor_138,0.008934269304403318,348
sensor_139,0.008934269304403318,518
sensor_140,0.008934269304403318,498
sensor_141,0.008934269304403318,1
sensor_142,0.008934269304403318,374
sensor_143,0.00574345883854499,63
sensor_144,0.0012763241863433313,961
sensor_145,0.0012763241863433313,656
sensor_146,0.0012763241863433313,579
sensor_147,0.0012763241863433313,294
sensor_148,0.0012763241863433313,1551
sensor_149,0.0019144862795149968,1
sensor_150,0.0019144862795149968,1443
sensor_151,0.0019144862795149968,1498
sensor_152,0.0019144862795149968,1394
sensor_153,0.0019144862795149968,219
sensor_154,0.0019144862795149968,1551
sensor_155,0.006381620931716656,65
sensor_156,0.0,722
sensor_157,0.9119336311423102,128
sensor_158,0.9119336311423102,138
sensor_159,0.0012763241863433313,954
sensor_160,0.0012763241863433313,744
sensor_161,0.0012763241863433313,1411
sensor_162,0.0012763241863433313,1325
sensor_163,0.0012763241863433313,260
sensor_164,0.0012763241863433313,219
sensor_165,0.0012763241863433313,404
sensor_166,0.0012763241863433313,62
sensor_167,0.0012763241863433313,31
sensor_168,0.0012763241863433313,207
sensor_169,0.0012763241863433313,652
sensor_170,0.0006381620931716656,331
sensor_171,0.0006381620931716656,306
sensor_172,0.0006381620931716656,307
sensor_173,0.0006381620931716656,319
sensor_174,0.0006381620931716656,308
sensor_175,0.0006381620931716656,327
sensor_176,0.0006381620931716656,319
sensor_177,0.0006381620931716656,250
sensor_178,0.015315890236119975,1
sensor_179,0.0006381620931716656,1
sensor_180,0.0006381620931716656,890
sensor_181,0.0006381620931716656,687
sensor_182,0.0006381620931716656,905
sensor_183,0.0006381620931716656,1508
sensor_184,0.0006381620931716656,1054
sensor_185,0.0006381620931716656,739
sensor_186,0.0006381620931716656,1
sensor_187,0.0006381620931716656,1015
sensor_188,0.0006381620931716656,1550
sensor_189,0.0006381620931716656,1
sensor_190,0.0025526483726866626,1
sensor_191,0.0025526483726866626,1
sensor_192,0.0025526483726866626,1
sensor_193,0.0025526483726866626,1
sensor_194,0.0025526483726866626,1
sensor_195,0.0025526483726866626,206
sensor_196,0.004467134652201659,867
sensor_197,0.0038289725590299937,898
sensor_198,0.0038289725590299937,773
sensor_199,0.0038289725590299937,920
sensor_200,0.004467134652201659,1008
sensor_201,0.004467134652201659,861
sensor_202,0.004467134652201659,1470
sensor_203,0.0038289725590299937,1501
sensor_204,0.0038289725590299937,1210
sensor_205,0.0038289725590299937,841
sensor_206,0.0038289725590299937,2
sensor_207,0.0038289725590299937,1046
sensor_208,0.0038289725590299937,1549
sensor_209,0.0038289725590299937,2
sensor_210,0.015315890236119975,798
sensor_211,0.015315890236119975,653
sensor_212,0.015315890236119975,681
sensor_213,0.015315890236119975,810
sensor_214,0.015315890236119975,803
sensor_215,0.015315890236119975,823
sensor_216,0.015315890236119975,728
sensor_217,0.015315890236119975,836
sensor_218,0.0006381620931716656,1539
sensor_219,0.007657945118059987,64
sensor_220,0.8557753669432036,69
sensor_221,0.0,408
sensor_222,0.0,178
sensor_223,0.0,973
sensor_224,0.03254626675175495,720
sensor_225,0.03254626675175495,1472
sensor_226,0.0038289725590299937,1
sensor_227,0.0012763241863433313,329
sensor_228,0.0012763241863433313,292
sensor_229,0.0038289725590299937,1
sensor_230,0.0038289725590299937,1
sensor_231,0.0038289725590299937,1
sensor_232,0.0038289725590299937,1
sensor_233,0.0038289725590299937,1
sensor_234,0.0038289725590299937,1
sensor_235,0.0038289725590299937,1
sensor_236,0.0038289725590299937,1
sensor_237,0.0038289725590299937,1
sensor_238,0.0012763241863433313,93
sensor_239,0.0012763241863433313,80
sensor_240,0.0038289725590299937,1
sensor_241,0.0038289725590299937,1
sensor_242,0.0038289725590299937,1
sensor_243,0.0038289725590299937,1
sensor_244,0.6496490108487556,66
sensor_245,0.6496490108487556,539
sensor_246,0.6496490108487556,547
sensor_247,0.4562858966177409,490
sensor_248,0.0,426
sensor_249,0.0,23
sensor_250,0.0,1566
sensor_251,0.0,143
sensor_252,0.0,1533
sensor_253,0.015315890236119975,442
sensor_254,0.0,291
sensor_255,0.0,1317
sensor_256,0.00574345883854499,1
sensor_257,0.00574345883854499,1
sensor_258,0.00574345883854499,1
sensor_259,0.00574345883854499,1
sensor_260,0.00574345883854499,1
sensor_261,0.00574345883854499,1
sensor_262,0.00574345883854499,1
sensor_263,0.00574345883854499,1
sensor_264,0.00574345883854499,1
sensor_265,0.00574345883854499,1
sensor_266,0.00574345883854499,1
sensor_267,0.005105296745373325,291
sensor_268,0.005105296745373325,333
sensor_269,0.005105296745373325,330
sensor_270,0.003190810465858328,599
sensor_271,0.0038289725590299937,1559
sensor_272,0.004467134652201659,1557
sensor_273,0.008934269304403318,518
sensor_274,0.008934269304403318,518
sensor_275,0.008934269304403318,458
sensor_276,0.008934269304403318,1
sensor_277,0.008934269304403318,512
sensor_278,0.00574345883854499,22
sensor_279,0.0012763241863433313,541
sensor_280,0.0012763241863433313,246
sensor_281,0.0012763241863433313,227
sensor_282,0.0012763241863433313,114
sensor_283,0.0012763241863433313,1515
sensor_284,0.0019144862795149968,1
sensor_285,0.0019144862795149968,1527
sensor_286,0.0019144862795149968,1540
sensor_287,0.0019144862795149968,1076
sensor_288,0.0019144862795149968,87
sensor_289,0.0019144862795149968,1522
sensor_290,0.006381620931716656,324
sensor_291,0.0,354
sensor_292,0.9119336311423102,92
sensor_293,0.9119336311423102,138
sensor_294,0.0012763241863433313,1562
sensor_295,0.0012763241863433313,1561
sensor_296,0.0012763241863433313,1565
sensor_297,0.0012763241863433313,1559
sensor_298,0.0012763241863433313,725
sensor_299,0.0012763241863433313,626
sensor_300,0.0012763241863433313,967
sensor_301,0.0012763241863433313,1134
sensor_302,0.0012763241863433313,569
sensor_303,0.0012763241863433313,509
sensor_304,0.0012763241863433313,1105
sensor_305,0.0006381620931716656,314
sensor_306,0.0006381620931716656,262
sensor_307,0.0006381620931716656,286
sensor_308,0.0006381620931716656,293
sensor_309,0.0006381620931716656,290
sensor_310,0.0006381620931716656,310
sensor_311,0.0006381620931716656,276
sensor_312,0.0006381620931716656,307
sensor_313,0.015315890236119975,1
sensor_314,0.015315890236119975,1
sensor_315,0.0006381620931716656,1
sensor_316,0.0006381620931716656,1533
sensor_317,0.0006381620931716656,1160
sensor_318,0.0006381620931716656,1535
sensor_319,0.0006381620931716656,1550
sensor_320,0.0006381620931716656,550
sensor_321,0.0006381620931716656,1511
sensor_322,0.0006381620931716656,1
sensor_323,0.0006381620931716656,1536
sensor_324,0.0006381620931716656,1560
sensor_325,0.0006381620931716656,1
sensor_326,0.0025526483726866626,1
sensor_327,0.0025526483726866626,1
sensor_328,0.0025526483726866626,1
sensor_329,0.0025526483726866626,1
sensor_330,0.0025526483726866626,1
sensor_331,0.0025526483726866626,313
sensor_332,0.004467134652201659,1517
sensor_333,0.0038289725590299937,1527
sensor_334,0.0038289725590299937,1145
sensor_335,0.0038289725590299937,1526
sensor_336,0.004467134652201659,1532
sensor_337,0.004467134652201659,1517
sensor_338,0.004467134652201659,1520
sensor_339,0.0038289725590299937,1543
sensor_340,0.0038289725590299937,761
sensor_341,0.0038289725590299937,1517
sensor_342,0.0038289725590299937,2
sensor_343,0.0038289725590299937,1541
sensor_344,0.0038289725590299937,1551
sensor_345,0.5067007019783025,767
sensor_346,0.5067007019783025,762
sensor_347,0.0038289725590299937,2
sensor_348,0.015315890236119975,357
sensor_349,0.015315890236119975,373
sensor_350,0.015315890236119975,435
sensor_351,0.015315890236119975,499
sensor_352,0.015315890236119975,354
sensor_353,0.015315890236119975,563
sensor_354,0.015315890236119975,486
sensor_355,0.015315890236119975,572
sensor_356,0.0006381620931716656,1473
sensor_357,0.007657945118059987,28
sensor_358,0.8557753669432036,20
sensor_359,0.0,215
sensor_360,0.0,97
sensor_361,0.0,972
sensor_362,0.03254626675175495,389
sensor_363,0.03254626675175495,1516
sensor_364,0.0038289725590299937,1
sensor_365,0.0012763241863433313,120
sensor_366,0.0012763241863433313,107
sensor_367,0.0038289725590299937,113
sensor_368,0.0038289725590299937,97
sensor_369,0.0038289725590299937,1
sensor_370,0.0038289725590299937,1
sensor_371,0.0038289725590299937,1
sensor_372,0.0038289725590299937,1
sensor_373,0.0038289725590299937,1
sensor_374,0.0038289725590299937,1
sensor_375,0.0038289725590299937,1
sensor_376,0.0012763241863433313,36
sensor_377,0.0012763241863433313,31
sensor_378,0.0038289725590299937,1
sensor_379,0.0038289725590299937,1
sensor_380,0.0038289725590299937,1
sensor_381,0.0038289725590299937,1
sensor_382,0.6496490108487556,29
sensor_383,0.6496490108487556,525
sensor_384,0.6496490108487556,536
sensor_385,0.4562858966177409,232
sensor_386,0.0,191
sensor_387,0.0,22
sensor_388,0.0,1564
sensor_389,0.0,92
sensor_390,0.0,1458
sensor_391,0.015315890236119975,183
sensor_392,0.0,109
sensor_393,0.0,953
sensor_394,0.00574345883854499,1
sensor_395,0.00574345883854499,1
sensor_396,0.00574345883854499,1
sensor_397,0.00574345883854499,1
sensor_398,0.00574345883854499,1
sensor_399,0.00574345883854499,1
sensor_400,0.00574345883854499,1
sensor_401,0.00574345883854499,1
sensor_402,0.00574345883854499,1
sensor_403,0.00574345883854499,1
sensor_404,0.00574345883854499,1
sensor_405,0.005105296745373325,228
sensor_406,0.005105296745373325,335
sensor_407,0.005105296745373325,331
sensor_408,0.003190810465858328,593
sensor_409,0.0038289725590299937,1548
sensor_410,0.004467134652201659,1545
sensor_411,0.008934269304403318,509
sensor_412,0.008934269304403318,518
sensor_413,0.008934269304403318,518
sensor_414,0.008934269304403318,1
sensor_415,0.008934269304403318,513
sensor_416,0.00574345883854499,510
sensor_417,0.0012763241863433313,1551
sensor_418,0.0012763241863433313,1051
sensor_419,0.0012763241863433313,851
sensor_420,0.0012763241863433313,1514
sensor_421,0.0012763241863433313,1534
sensor_422,0.0019144862795149968,1
sensor_423,0.0019144862795149968,1563
sensor_424,0.0019144862795149968,1529
sensor_425,0.0019144862795149968,1540
sensor_426,0.0019144862795149968,1481
sensor_427,0.0019144862795149968,1538
sensor_428,0.006381620931716656,404
sensor_429,0.0,1542
sensor_430,0.0012763241863433313,1551
sensor_431,0.0012763241863433313,1553
sensor_432,0.0012763241863433313,1503
sensor_433,0.0012763241863433313,1371
sensor_434,0.0012763241863433313,1537
sensor_435,0.0012763241863433313,1524
sensor_436,0.0012763241863433313,1539
sensor_437,0.0012763241863433313,1495
sensor_438,0.0012763241863433313,967
sensor_439,0.0012763241863433313,1550
sensor_440,0.0012763241863433313,1557
sensor_441,0.0006381620931716656,325
sensor_442,0.0006381620931716656,335
sensor_443,0.0006381620931716656,330
sensor_444,0.0006381620931716656,325
sensor_445,0.0006381620931716656,329
sensor_446,0.0006381620931716656,338
sensor_447,0.0006381620931716656,317
sensor_448,0.0006381620931716656,326
sensor_449,0.015315890236119975,1
sensor_450,0.015315890236119975,1
sensor_451,0.0006381620931716656,1
sensor_452,0.0006381620931716656,1518
sensor_453,0.0006381620931716656,1550
sensor_454,0.0006381620931716656,1555
sensor_455,0.0006381620931716656,1527
sensor_456,0.0006381620931716656,1551
sensor_457,0.0006381620931716656,1547
sensor_458,0.0006381620931716656,1
sensor_459,0.0006381620931716656,1518
sensor_460,0.0006381620931716656,1564
sensor_461,0.0006381620931716656,1
sensor_462,0.0025526483726866626,1
sensor_463,0.0025526483726866626,1
sensor_464,0.0025526483726866626,1
sensor_465,0.0025526483726866626,1
sensor_466,0.0025526483726866626,1
sensor_467,0.0025526483726866626,417
sensor_468,0.004467134652201659,1317
sensor_469,0.0038289725590299937,1514
sensor_470,0.0038289725590299937,1547
sensor_471,0.0038289725590299937,1552
sensor_472,0.004467134652201659,1560
sensor_473,0.004467134652201659,1558
sensor_474,0.004467134652201659,1559
sensor_475,0.0038289725590299937,1526
sensor_476,0.0038289725590299937,1559
sensor_477,0.0038289725590299937,1537
sensor_478,0.0038289725590299937,2
sensor_479,0.0038289725590299937,1507
sensor_480,0.0038289725590299937,1560
sensor_481,0.0038289725590299937,1
sensor_482,0.015315890236119975,1062
sensor_483,0.015315890236119975,1402
sensor_484,0.015315890236119975,1324
sensor_485,0.015315890236119975,1358
sensor_486,0.015315890236119975,1039
sensor_487,0.015315890236119975,1199
sensor_488,0.015315890236119975,1314
sensor_489,0.015315890236119975,1344
sensor_490,0.0006381620931716656,1562
sensor_491,0.007657945118059987,472
sensor_492,0.8557753669432036,226
sensor_493,0.0,572
sensor_494,0.0,894
sensor_495,0.0,964
sensor_496,0.03254626675175495,1510
sensor_497,0.03254626675175495,1509
sensor_498,0.0038289725590299937,1
sensor_499,0.0012763241863433313,703
sensor_500,0.0012763241863433313,648
sensor_501,0.0038289725590299937,1
sensor_502,0.0038289725590299937,1
sensor_503,0.0038289725590299937,1
sensor_504,0.0038289725590299937,1
sensor_505,0.0038289725590299937,1
sensor_506,0.0038289725590299937,1
sensor_507,0.0038289725590299937,1
sensor_508,0.0038289725590299937,1
sensor_509,0.0038289725590299937,1
sensor_510,0.0012763241863433313,1498
sensor_511,0.0012763241863433313,586
sensor_512,0.0038289725590299937,1
sensor_513,0.0038289725590299937,1
sensor_514,0.0038289725590299937,1
sensor_515,0.0038289725590299937,1
sensor_516,0.6496490108487556,498
sensor_517,0.6496490108487556,543
sensor_518,0.6496490108487556,542
sensor_519,0.4562858966177409,836
sensor_520,0.0,1536
sensor_521,0.0,9
sensor_522,0.0,1562
sensor_523,0.0,1040
sensor_524,0.0,1543
sensor_525,0.015315890236119975,1526
sensor_526,0.0,1514
sensor_527,0.0,1549
sensor_528,0.00574345883854499,1
sensor_529,0.00574345883854499,1
sensor_530,0.00574345883854499,1
sensor_531,0.00574345883854499,1
sensor_532,0.00574345883854499,1
sensor_533,0.00574345883854499,1
sensor_534,0.00574345883854499,1
sensor_535,0.00574345883854499,1
sensor_536,0.00574345883854499,1
sensor_537,0.00574345883854499,1
sensor_538,0.00574345883854499,1
sensor_539,0.005105296745373325,333
sensor_540,0.005105296745373325,336
sensor_541,0.005105296745373325,336
sensor_542,0.0012763241863433313,102
sensor_543,0.0012763241863433313,71
sensor_544,0.0012763241863433313,21
sensor_545,0.0012763241863433313,273
sensor_546,0.16592214422463306,1047
sensor_547,0.16592214422463306,1023
sensor_548,0.16592214422463306,964
sensor_549,0.16592214422463306,1048
sensor_550,0.16592214422463306,747
sensor_551,0.16592214422463306,213
sensor_552,0.16592214422463306,973
sensor_553,0.16592214422463306,1077
sensor_554,0.16592214422463306,1000
sensor_555,0.16592214422463306,1085
sensor_556,0.16592214422463306,1070
sensor_557,0.16592214422463306,1062
sensor_558,0.0006381620931716656,365
sensor_559,0.0006381620931716656,399
sensor_560,0.0006381620931716656,345
sensor_561,0.0006381620931716656,414
sensor_562,0.1742182514358647,873
sensor_563,0.1742182514358647,785
sensor_564,0.1742182514358647,581
sensor_565,0.1742182514358647,753
sensor_566,0.1742182514358647,887
sensor_567,0.1742182514358647,619
sensor_568,0.1742182514358647,887
sensor_569,0.1742182514358647,897
sensor_570,0.0,814
sensor_571,0.0,811
sensor_572,0.0,518
sensor_573,0.0,754
sensor_574,0.0,830
sensor_575,0.0,599
sensor_576,0.0,820
sensor_577,0.0,851
sensor_578,0.6056158264199106,322
sensor_579,0.6056158264199106,260
sensor_580,0.6056158264199106,120
sensor_581,0.6056158264199106,611
sensor_582,0.0006381620931716656,171
sensor_583,0.0006381620931716656,227
sensor_584,0.0006381620931716656,68
sensor_585,0.0006381620931716656,1502
sensor_586,0.0006381620931716656,322
sensor_587,0.0006381620931716656,260
sensor_588,0.0006381620931716656,120
sensor_589,0.0006381620931716656,611
