window,position,run_id,timestamp,truth,risk,threshold,threshold_alert,past_validation_percentile,batch_review_top20,q_residual_top3_only,q_spe,t2,case_type
4,1253,1253,2008-10-02 20:54:00,0,0.651983989760739,0.8200000000000001,False,0.8835725677830941,True,sensor_472; sensor_455; sensor_183,3.065126373884653,1.8651227367180563,false_alert
4,1254,1254,2008-10-02 21:32:00,1,0.6999566160352049,0.8200000000000001,False,0.9186602870813397,True,sensor_472; sensor_527; sensor_323,3.360428447713121,2.8288062806142618,captured_failure
4,1255,1255,2008-10-02 21:33:00,0,0.5209080697478808,0.8200000000000001,False,0.7799043062200957,False,sensor_472; sensor_319; sensor_455,3.5317207500832657,2.7447557947218737,unreviewed_pass
4,1256,1256,2008-10-02 22:23:00,0,0.5707010952050608,0.8200000000000001,False,0.8213716108452951,True,sensor_319; sensor_472; sensor_187,2.109083727604682,4.773977452950655,false_alert
4,1257,1257,2008-10-02 22:33:00,0,0.8027083542929757,0.8200000000000001,False,0.9633173843700159,True,sensor_472; sensor_527; sensor_128,5.690260661818609,12.558581597106427,false_alert
4,1258,1258,2008-10-02 23:32:00,0,0.2614810926469651,0.8200000000000001,False,0.36363636363636365,False,sensor_472; sensor_527; sensor_323,3.251410105837264,5.32683391579711,unreviewed_pass
4,1259,1259,2008-10-02 23:32:00,0,0.23316363776276924,0.8200000000000001,False,0.3094098883572568,False,sensor_472; sensor_527; sensor_128,1.8484731807996009,1.0045559142889253,unreviewed_pass
4,1260,1260,2008-10-03 00:24:00,0,0.43904001762428824,0.8200000000000001,False,0.6762360446570973,False,sensor_472; sensor_319; sensor_183,3.0678032358854765,6.638959186443497,unreviewed_pass
4,1261,1261,2008-10-03 00:55:00,0,0.6803043781518957,0.8200000000000001,False,0.9027113237639554,True,sensor_472; sensor_527; sensor_128,4.995014162973087,5.53223321681984,false_alert
4,1262,1262,2008-10-03 02:41:00,0,0.38154138340492966,0.8200000000000001,False,0.5901116427432217,False,sensor_319; sensor_187; sensor_459,0.9228670478702921,5.964042177548563,unreviewed_pass
4,1263,1263,2008-10-03 03:52:00,0,0.7053802928356521,0.8200000000000001,False,0.9250398724082934,True,sensor_319; sensor_187; sensor_459,0.33631451094346393,7.186847761208165,false_alert
4,1264,1264,2008-10-03 03:56:00,0,0.3833968346508754,0.8200000000000001,False,0.5917065390749602,False,sensor_472; sensor_455; sensor_183,0.8860635164213265,2.3459709073882284,unreviewed_pass
4,1265,1265,2008-10-03 04:49:00,0,0.7152169271582998,0.8200000000000001,False,0.9298245614035088,True,sensor_323; sensor_455; sensor_183,1.6542651860553714,8.899118518896868,false_alert
4,1266,1266,2008-10-03 05:01:00,0,0.7089572403974351,0.8200000000000001,False,0.9250398724082934,True,sensor_183; sensor_527; sensor_459,0.5625452689892148,4.836606315187136,false_alert
4,1267,1267,2008-10-03 05:45:00,0,0.1560724943623958,0.8200000000000001,False,0.18660287081339713,False,sensor_323; sensor_527; sensor_455,1.4871580590006146,2.1391368283677563,unreviewed_pass
4,1268,1268,2008-10-03 06:15:00,0,0.44863936934153215,0.8200000000000001,False,0.682615629984051,False,sensor_566; sensor_323; sensor_187,0.3269177140113473,7.82765348755181,unreviewed_pass
4,1269,1269,2008-10-03 08:35:00,0,0.7142571009538151,0.8200000000000001,False,0.9298245614035088,True,sensor_183; sensor_455; sensor_472,0.48533041969836754,4.330221439131834,false_alert
4,1270,1270,2008-10-03 09:30:00,0,0.329456910256286,0.8200000000000001,False,0.5055821371610846,False,sensor_472; sensor_527; sensor_128,4.471922377193649,5.141101417383205,unreviewed_pass
4,1271,1271,2008-10-03 11:40:00,0,0.25545107527363753,0.8200000000000001,False,0.3524720893141946,False,sensor_323; sensor_455; sensor_183,0.3133352225877104,1.855768880097957,unreviewed_pass
4,1272,1272,2008-10-03 12:31:00,0,0.39806872994386655,0.8200000000000001,False,0.6140350877192983,False,sensor_472; sensor_527; sensor_128,0.7458317028052666,2.1553428608822656,unreviewed_pass
4,1273,1273,2008-10-03 18:45:00,0,0.733716970322562,0.8200000000000001,False,0.9409888357256778,True,sensor_455; sensor_183; sensor_472,0.1431900574431283,1.1350839431314594,false_alert
4,1274,1274,2008-10-03 19:23:00,0,0.62366426691993,0.8200000000000001,False,0.8724082934609251,True,sensor_187; sensor_459; sensor_319,0.40939882860583876,3.9835854930560166,false_alert
4,1275,1275,2008-10-03 19:23:00,0,0.6448768083347565,0.8200000000000001,False,0.8819776714513556,True,sensor_472; sensor_527; sensor_323,1.0916194696029473,4.155456102228395,false_alert
4,1276,1276,2008-10-03 20:11:00,0,0.6556787939409902,0.8200000000000001,False,0.886762360446571,True,sensor_183; sensor_459; sensor_564,0.07034173902851516,4.674887182279502,false_alert
4,1277,1277,2008-10-03 20:26:00,0,0.5321692770813208,0.8200000000000001,False,0.7974481658692185,False,sensor_527; sensor_319; sensor_187,0.8270887822556311,6.81630489961194,unreviewed_pass
4,1278,1278,2008-10-03 20:35:00,0,0.6353997423453008,0.8200000000000001,False,0.8771929824561403,True,sensor_472; sensor_527; sensor_319,1.4205676071124846,7.095904216914339,false_alert
4,1279,1279,2008-10-03 20:46:00,0,0.26484436658159705,0.8200000000000001,False,0.37161084529505584,False,sensor_472; sensor_527; sensor_319,0.7986746474190939,7.2285838945084215,unreviewed_pass
4,1280,1280,2008-10-03 21:15:00,0,0.319437963593175,0.8200000000000001,False,0.48484848484848486,False,sensor_472; sensor_527; sensor_128,2.339741406918096,2.1961972330009183,unreviewed_pass
4,1281,1281,2008-10-03 21:52:00,0,0.5982370958329961,0.8200000000000001,False,0.84688995215311,True,sensor_472; sensor_527; sensor_323,1.6901343324572846,9.053145246704771,false_alert
4,1282,1282,2008-10-03 22:08:00,0,0.24052023762864025,0.8200000000000001,False,0.32216905901116427,False,sensor_472; sensor_527; sensor_128,3.128350382432101,2.6047050757261703,unreviewed_pass
4,1283,1283,2008-10-03 22:53:00,0,0.6125656242905492,0.8200000000000001,False,0.861244019138756,True,sensor_472; sensor_527; sensor_566,1.5143386563647254,9.853998916829685,false_alert
4,1284,1284,2008-10-03 23:46:00,0,0.34776245684522744,0.8200000000000001,False,0.5422647527910686,False,sensor_472; sensor_527; sensor_568,1.0201262536107742,13.348684870194669,unreviewed_pass
4,1285,1285,2008-10-04 00:58:00,0,0.5201679579348769,0.8200000000000001,False,0.7799043062200957,False,sensor_472; sensor_319; sensor_553,0.9742691166545927,6.944121799078142,unreviewed_pass
4,1286,1286,2008-10-04 01:49:00,0,0.23439437592593812,0.8200000000000001,False,0.31100478468899523,False,sensor_472; sensor_527; sensor_319,0.16597649108749393,2.362965109222687,unreviewed_pass
4,1287,1287,2008-10-04 02:36:00,0,0.5470310763789961,0.8200000000000001,False,0.8086124401913876,True,sensor_472; sensor_319; sensor_323,0.09321335447611971,2.2103818204749253,false_alert
4,1288,1288,2008-10-04 03:53:00,0,0.26617508412803587,0.8200000000000001,False,0.37320574162679426,False,sensor_472; sensor_527; sensor_183,1.0616293512959214,3.3849465483363437,unreviewed_pass
4,1289,1289,2008-10-04 04:12:00,0,0.5563654255117458,0.8200000000000001,False,0.8133971291866029,True,sensor_319; sensor_472; sensor_553,0.5285269501085806,4.704260106221337,false_alert
4,1290,1290,2008-10-04 04:45:00,0,0.3082521455211871,0.8200000000000001,False,0.45933014354066987,False,sensor_472; sensor_319; sensor_527,0.21208060295970826,2.0840380915542176,unreviewed_pass
4,1291,1291,2008-10-04 09:29:00,0,0.2536448459718131,0.8200000000000001,False,0.34609250398724084,False,sensor_472; sensor_566; sensor_527,0.48078949395038506,4.272728751680119,unreviewed_pass
4,1292,1292,2008-10-04 15:16:00,0,0.91231551451178,0.8200000000000001,True,0.9872408293460925,True,sensor_472; sensor_323; sensor_566,0.08318070307101817,2.1101672059349887,false_alert
4,1293,1293,2008-10-04 16:58:00,0,0.2895040842845015,0.8200000000000001,False,0.41626794258373206,False,sensor_319; sensor_553; sensor_566,0.4449085022514754,5.148567111923385,unreviewed_pass
4,1294,1294,2008-10-04 18:15:00,0,0.22995583823782245,0.8200000000000001,False,0.3014354066985646,False,sensor_472; sensor_527; sensor_128,1.6772445922756765,2.5379881066675294,unreviewed_pass
4,1295,1295,2008-10-04 18:25:00,0,0.47224050762680253,0.8200000000000001,False,0.7256778309409888,False,sensor_472; sensor_527; sensor_128,0.8112394040680806,4.823973629265022,unreviewed_pass
4,1296,1296,2008-10-04 18:59:00,0,0.46902747692077895,0.8200000000000001,False,0.722488038277512,False,sensor_472; sensor_527; sensor_128,2.2948995411966835,3.5571327787686453,unreviewed_pass
4,1297,1297,2008-10-04 19:12:00,0,0.5510635201296883,0.8200000000000001,False,0.810207336523126,True,sensor_472; sensor_527; sensor_323,4.114420272782114,4.497757787825456,false_alert
4,1298,1298,2008-10-04 19:47:00,0,0.5110890932535636,0.8200000000000001,False,0.7703349282296651,False,sensor_472; sensor_323; sensor_319,0.3142793613189994,2.336284005676991,unreviewed_pass
4,1299,1299,2008-10-04 19:54:00,0,0.46409403457206716,0.8200000000000001,False,0.7129186602870813,False,sensor_472; sensor_323; sensor_527,0.7833696132699941,4.207134978128781,unreviewed_pass
4,1300,1300,2008-10-04 20:39:00,0,0.43012844204275785,0.8200000000000001,False,0.6634768740031898,False,sensor_472; sensor_527; sensor_128,3.8360066281154306,2.684777092461702,unreviewed_pass
4,1301,1301,2008-10-04 22:06:00,0,0.4345694685088564,0.8200000000000001,False,0.6666666666666666,False,sensor_472; sensor_527; sensor_128,0.7466202803620484,2.0773250669884153,unreviewed_pass
4,1302,1302,2008-10-04 23:18:00,1,0.23825216129776822,0.8200000000000001,False,0.3157894736842105,False,sensor_472; sensor_527; sensor_187,2.418424173462726,7.889114721729795,missed_failure
4,1303,1303,2008-10-05 00:33:00,1,0.5458233317701151,0.8200000000000001,False,0.8054226475279107,True,sensor_472; sensor_527; sensor_187,1.939094864129069,3.2325875537984716,captured_failure
4,1304,1304,2008-10-05 00:33:00,0,0.49924270051138847,0.8200000000000001,False,0.7559808612440191,False,sensor_472; sensor_455; sensor_183,0.5997876549254597,2.0151548899740943,unreviewed_pass
4,1305,1305,2008-10-05 01:35:00,0,0.3055938024803806,0.8200000000000001,False,0.4513556618819777,False,sensor_455; sensor_187; sensor_183,0.11786567355170889,2.7975731400662314,unreviewed_pass
4,1306,1306,2008-10-05 04:01:00,0,0.478344820124983,0.8200000000000001,False,0.7368421052631579,False,sensor_319; sensor_187; sensor_527,1.5502727988527827,4.107569760198913,unreviewed_pass
4,1307,1307,2008-10-05 04:20:00,0,0.5243967740148063,0.8200000000000001,False,0.784688995215311,False,sensor_472; sensor_527; sensor_187,0.8687110812842717,2.758940929654435,unreviewed_pass
4,1308,1308,2008-10-05 04:48:00,0,0.23878352251981755,0.8200000000000001,False,0.3189792663476874,False,sensor_568; sensor_566; sensor_323,1.3442839883788498,9.942290174451093,unreviewed_pass
4,1309,1309,2008-10-05 05:31:00,0,0.2609233002670611,0.8200000000000001,False,0.3620414673046252,False,sensor_472; sensor_323; sensor_527,0.9056975449872113,7.307807665565138,unreviewed_pass
4,1310,1310,2008-10-05 05:53:00,0,0.6080623511614455,0.8200000000000001,False,0.8580542264752791,True,sensor_472; sensor_319; sensor_455,0.4863557850062638,1.1063786808682061,false_alert
4,1311,1311,2008-10-05 06:15:00,0,0.5879014730025286,0.8200000000000001,False,0.835725677830941,True,sensor_472; sensor_527; sensor_128,4.659612701463857,2.3100634733456786,false_alert
4,1312,1312,2008-10-05 08:02:00,0,0.37847492136157,0.8200000000000001,False,0.583732057416268,False,sensor_319; sensor_187; sensor_527,0.5508855640221579,3.091426187035198,unreviewed_pass
4,1313,1313,2008-10-05 08:40:00,0,0.3066658575874901,0.8200000000000001,False,0.45773524720893144,False,sensor_472; sensor_527; sensor_459,3.63024942071885,2.7119041708499734,unreviewed_pass
4,1314,1314,2008-10-05 09:04:00,0,0.3565666097301558,0.8200000000000001,False,0.5534290271132376,False,sensor_319; sensor_459; sensor_187,0.6018872717821753,8.535270371236413,unreviewed_pass
4,1315,1315,2008-10-05 09:47:00,0,0.4167127653231433,0.8200000000000001,False,0.6395534290271132,False,sensor_472; sensor_527; sensor_459,1.0636660803712943,1.0222171187779816,unreviewed_pass
4,1316,1316,2008-10-05 10:00:00,0,0.34564156403992646,0.8200000000000001,False,0.5406698564593302,False,sensor_472; sensor_319; sensor_568,1.447920273984615,2.5085847392256304,unreviewed_pass
4,1317,1317,2008-10-05 10:43:00,0,0.409758490158828,0.8200000000000001,False,0.6283891547049442,False,sensor_459; sensor_187; sensor_319,2.1813002115555715,1.5162515699842019,unreviewed_pass
4,1318,1318,2008-10-05 11:05:00,0,0.18857532855238412,0.8200000000000001,False,0.23444976076555024,False,sensor_319; sensor_187; sensor_459,1.1637596545098732,16.857548452158785,unreviewed_pass
4,1319,1319,2008-10-05 11:30:00,0,0.41049333249062786,0.8200000000000001,False,0.6299840510366826,False,sensor_527; sensor_323; sensor_472,0.8077161141649913,0.8377877123809933,unreviewed_pass
4,1320,1320,2008-10-05 12:03:00,0,0.519830855053854,0.8200000000000001,False,0.7799043062200957,False,sensor_472; sensor_323; sensor_527,0.3794319282505828,4.0265949331341595,unreviewed_pass
4,1321,1321,2008-10-05 12:17:00,0,0.3626283709814275,0.8200000000000001,False,0.5598086124401914,False,sensor_472; sensor_459; sensor_527,0.29491666048538967,3.8763648969856397,unreviewed_pass
4,1322,1322,2008-10-05 13:49:00,0,0.41549129566386467,0.8200000000000001,False,0.6347687400318979,False,sensor_472; sensor_455; sensor_183,0.31909661696398695,1.079850972773406,unreviewed_pass
4,1323,1323,2008-10-05 14:34:00,0,0.35893634433822774,0.8200000000000001,False,0.5550239234449761,False,sensor_472; sensor_319; sensor_459,3.1597715274994003,3.550357040328903,unreviewed_pass
4,1324,1324,2008-10-05 15:30:00,1,0.15035210520438075,0.8200000000000001,False,0.1722488038277512,False,sensor_527; sensor_187; sensor_472,1.068883007520904,4.180255783768107,missed_failure
4,1325,1325,2008-10-05 15:35:00,1,0.44571323383310013,0.8200000000000001,False,0.6794258373205742,False,sensor_455; sensor_472; sensor_183,0.048585247898277194,6.232541715197376,missed_failure
4,1326,1326,2008-10-05 16:15:00,0,0.539448908766547,0.8200000000000001,False,0.8006379585326954,False,sensor_472; sensor_527; sensor_128,2.796454894502776,1.3487363942786232,unreviewed_pass
4,1327,1327,2008-10-05 16:37:00,1,0.6463591038287811,0.8200000000000001,False,0.8819776714513556,True,sensor_187; sensor_319; sensor_472,0.43547090201290994,1.365246690321389,captured_failure
4,1328,1328,2008-10-05 16:49:00,1,0.5386307180957606,0.8200000000000001,False,0.8006379585326954,False,sensor_472; sensor_527; sensor_128,1.0739781221212332,6.651085051289538,missed_failure
4,1329,1329,2008-10-05 18:46:00,1,0.4441538603228581,0.8200000000000001,False,0.6762360446570973,False,sensor_472; sensor_455; sensor_183,2.2050477734099756,4.151375549846181,missed_failure
4,1330,1330,2008-10-05 18:59:00,0,0.27198446303665286,0.8200000000000001,False,0.3827751196172249,False,sensor_472; sensor_527; sensor_323,0.5733840776778563,1.416940661127009,unreviewed_pass
4,1331,1331,2008-10-05 19:45:00,0,0.3132624087091469,0.8200000000000001,False,0.47208931419457734,False,sensor_323; sensor_472; sensor_455,0.7321364840354099,1.2631373345675807,unreviewed_pass
4,1332,1332,2008-10-05 20:12:00,0,0.2765644020496698,0.8200000000000001,False,0.39074960127591707,False,sensor_472; sensor_527; sensor_319,2.5381456689984794,2.824582455515163,unreviewed_pass
4,1333,1333,2008-10-05 20:30:00,0,0.5919734412618797,0.8200000000000001,False,0.8437001594896332,True,sensor_472; sensor_319; sensor_128,1.3404899133217518,4.882318504878905,false_alert
4,1334,1334,2008-10-05 22:13:00,0,0.2554132614686605,0.8200000000000001,False,0.3524720893141946,False,sensor_566; sensor_568; sensor_564,0.43432628992627925,10.4968115310007,unreviewed_pass
4,1335,1335,2008-10-06 00:41:00,0,0.2346211230853129,0.8200000000000001,False,0.31100478468899523,False,sensor_472; sensor_323; sensor_183,0.3594129498690386,5.246936432675499,unreviewed_pass
4,1336,1336,2008-10-06 01:25:00,0,0.7046564512366722,0.8200000000000001,False,0.9250398724082934,True,sensor_566; sensor_319; sensor_527,0.6465148353016842,10.369772184696469,false_alert
4,1337,1337,2008-10-06 01:27:00,0,0.453397122888394,0.8200000000000001,False,0.6985645933014354,False,sensor_319; sensor_187; sensor_323,0.7445283274567193,4.729558099731626,unreviewed_pass
4,1338,1338,2008-10-06 01:30:00,0,0.18129335260147428,0.8200000000000001,False,0.22328548644338117,False,sensor_527; sensor_187; sensor_459,2.2510941929986936,3.1333983444460007,unreviewed_pass
4,1339,1339,2008-10-06 02:44:00,0,0.39439314573011597,0.8200000000000001,False,0.6076555023923444,False,sensor_472; sensor_183; sensor_323,0.7041797506312722,12.931599808871029,unreviewed_pass
4,1340,1340,2008-10-06 02:49:00,0,0.5250876936493236,0.8200000000000001,False,0.784688995215311,False,sensor_319; sensor_564; sensor_472,0.1803544515717744,18.771539080682203,unreviewed_pass
4,1341,1341,2008-10-06 03:31:00,0,0.2723425747498955,0.8200000000000001,False,0.3827751196172249,False,sensor_472; sensor_527; sensor_323,1.628262620544618,5.858308532118455,unreviewed_pass
4,1342,1342,2008-10-06 03:50:00,1,0.2854733926556406,0.8200000000000001,False,0.4082934609250399,False,sensor_472; sensor_319; sensor_553,1.1043876116715208,7.577718468804168,missed_failure
4,1343,1343,2008-10-06 03:57:00,1,0.44922464087062647,0.8200000000000001,False,0.6842105263157895,False,sensor_472; sensor_527; sensor_566,4.071492548100951,14.168850924152228,missed_failure
4,1344,1344,2008-10-06 04:26:00,0,0.6840533752103918,0.8200000000000001,False,0.9059011164274322,True,sensor_319; sensor_323; sensor_527,0.6280813124491089,4.276031879891337,false_alert
4,1345,1345,2008-10-06 05:21:00,0,0.2871943111301454,0.8200000000000001,False,0.4098883572567783,False,sensor_319; sensor_187; sensor_459,0.6021831827682951,5.278117438852571,unreviewed_pass
4,1346,1346,2008-10-06 05:24:00,0,0.5916763908697371,0.8200000000000001,False,0.8437001594896332,True,sensor_472; sensor_319; sensor_455,3.2043062891095246,2.7630775083971164,false_alert
4,1347,1347,2008-10-06 06:11:00,0,0.5148583966519891,0.8200000000000001,False,0.7767145135566188,False,sensor_472; sensor_319; sensor_187,2.4537267421373543,2.624889988318701,unreviewed_pass
4,1348,1348,2008-10-06 06:26:00,0,0.6969693323367775,0.8200000000000001,False,0.9170653907496013,True,sensor_472; sensor_527; sensor_187,0.403520472148692,2.197351902383625,false_alert
4,1349,1349,2008-10-06 06:49:00,0,0.3395250615388884,0.8200000000000001,False,0.529505582137161,False,sensor_472; sensor_527; sensor_319,0.30342307714619954,5.729921088264103,unreviewed_pass
4,1350,1350,2008-10-06 07:12:00,0,0.28397517372804315,0.8200000000000001,False,0.40669856459330145,False,sensor_323; sensor_455; sensor_472,0.07121504714246432,1.8010474160777916,unreviewed_pass
4,1351,1351,2008-10-06 07:17:00,0,0.7465448135911934,0.8200000000000001,False,0.9473684210526315,True,sensor_566; sensor_319; sensor_568,0.30219840621373906,7.478735479122674,false_alert
4,1352,1352,2008-10-06 07:35:00,0,0.4277669178646497,0.8200000000000001,False,0.6634768740031898,False,sensor_323; sensor_183; sensor_455,1.1213461634872937,2.1828022607723994,unreviewed_pass
4,1353,1353,2008-10-06 07:38:00,0,0.6997163547409142,0.8200000000000001,False,0.9186602870813397,True,sensor_319; sensor_187; sensor_566,0.437444177327532,5.572165915486076,false_alert
4,1354,1354,2008-10-06 08:24:00,0,0.27822635879700097,0.8200000000000001,False,0.39553429027113235,False,sensor_472; sensor_564; sensor_566,0.7468723251820434,12.510158971446234,unreviewed_pass
4,1355,1355,2008-10-06 08:57:00,0,0.1687701915339423,0.8200000000000001,False,0.20095693779904306,False,sensor_472; sensor_319; sensor_566,0.1957616050394261,3.1629725683887933,unreviewed_pass
4,1356,1356,2008-10-06 09:11:00,0,0.6787367874424015,0.8200000000000001,False,0.9011164274322169,True,sensor_319; sensor_472; sensor_459,3.2565175059527762,3.7421330104732213,false_alert
4,1357,1357,2008-10-06 09:57:00,0,0.5544242453204852,0.8200000000000001,False,0.810207336523126,True,sensor_472; sensor_455; sensor_183,1.473898106496872,2.928473654229144,false_alert
4,1358,1358,2008-10-06 10:07:00,0,0.3048058926110259,0.8200000000000001,False,0.4481658692185008,False,sensor_472; sensor_319; sensor_527,0.5761867300399869,7.129214689409723,unreviewed_pass
4,1359,1359,2008-10-06 11:51:00,0,0.3705008032014452,0.8200000000000001,False,0.5725677830940988,False,sensor_472; sensor_319; sensor_564,0.5051583519433813,5.887112656623905,unreviewed_pass
4,1360,1360,2008-10-06 12:39:00,0,0.33423742838398596,0.8200000000000001,False,0.518341307814992,False,sensor_472; sensor_527; sensor_323,1.944038980289942,4.378983684291969,unreviewed_pass
4,1361,1361,2008-10-06 12:42:00,0,0.2506913020457459,0.8200000000000001,False,0.3349282296650718,False,sensor_323; sensor_527; sensor_183,0.6862705175690281,8.854693934191591,unreviewed_pass
4,1362,1362,2008-10-06 13:08:00,0,0.5795396679805622,0.8200000000000001,False,0.8293460925039873,True,sensor_472; sensor_455; sensor_183,3.319294287231144,3.272232913127641,false_alert
4,1363,1363,2008-10-06 13:38:00,1,0.7495013829975881,0.8200000000000001,False,0.9505582137161085,True,sensor_472; sensor_319; sensor_455,5.03337923904383,4.474122017667904,captured_failure
4,1364,1364,2008-10-06 13:55:00,1,0.5057635541455958,0.8200000000000001,False,0.7639553429027113,False,sensor_472; sensor_564; sensor_566,0.41621100086242524,6.256366614047169,missed_failure
4,1365,1365,2008-10-06 15:00:00,1,0.457822519125459,0.8200000000000001,False,0.7001594896331739,False,sensor_472; sensor_527; sensor_187,1.0925963447961495,7.488171683853442,missed_failure
4,1366,1366,2008-10-06 15:01:00,0,0.4906443129645177,0.8200000000000001,False,0.748006379585327,False,sensor_472; sensor_527; sensor_459,0.12496447830185486,1.197847457789803,unreviewed_pass
4,1367,1367,2008-10-06 15:52:00,0,0.6282103501962312,0.8200000000000001,False,0.8740031897926634,True,sensor_472; sensor_527; sensor_128,4.474999441202456,3.199897764831688,false_alert
4,1368,1368,2008-10-06 16:42:00,0,0.5618514014006032,0.8200000000000001,False,0.8165869218500797,True,sensor_472; sensor_527; sensor_187,2.552598650870443,1.2685329827768435,false_alert
4,1369,1369,2008-10-06 16:50:00,0,0.3730818548499451,0.8200000000000001,False,0.5773524720893142,False,sensor_472; sensor_527; sensor_187,0.33440926378634467,5.626831909225193,unreviewed_pass
4,1370,1370,2008-10-06 17:26:00,0,0.2985153003798012,0.8200000000000001,False,0.43381180223285487,False,sensor_472; sensor_527; sensor_319,0.7357518845998123,4.0006291092947235,unreviewed_pass
4,1371,1371,2008-10-06 17:26:00,0,0.48965461700390683,0.8200000000000001,False,0.7464114832535885,False,sensor_472; sensor_564; sensor_566,0.34614644084068236,8.73297076667325,unreviewed_pass
4,1372,1372,2008-10-06 17:35:00,0,0.3929813479044924,0.8200000000000001,False,0.6044657097288676,False,sensor_472; sensor_568; sensor_527,1.2615145952109899,2.6760574556659735,unreviewed_pass
4,1373,1373,2008-10-06 18:54:00,0,0.3580645197223917,0.8200000000000001,False,0.5550239234449761,False,sensor_455; sensor_319; sensor_183,1.3077933024304114,2.2267652357277226,unreviewed_pass
4,1374,1374,2008-10-06 18:55:00,0,0.47130965466575314,0.8200000000000001,False,0.7240829346092504,False,sensor_472; sensor_527; sensor_323,1.7600832585385686,7.76455610441389,unreviewed_pass
4,1375,1375,2008-10-06 19:42:00,0,0.35102214025184714,0.8200000000000001,False,0.5422647527910686,False,sensor_564; sensor_568; sensor_459,0.23321548095618716,3.987513831370332,unreviewed_pass
4,1376,1376,2008-10-06 20:02:00,0,0.5951833247814093,0.8200000000000001,False,0.8437001594896332,True,sensor_472; sensor_527; sensor_187,4.271851426625988,7.171758460569728,false_alert
4,1377,1377,2008-10-06 20:36:00,0,0.3455435748437198,0.8200000000000001,False,0.5406698564593302,False,sensor_472; sensor_319; sensor_455,2.015537170862993,19.564229755789285,unreviewed_pass
4,1378,1378,2008-10-06 20:47:00,0,0.26853978482834323,0.8200000000000001,False,0.38118022328548645,False,sensor_472; sensor_319; sensor_553,0.201734817372147,3.12330202772455,unreviewed_pass
4,1379,1379,2008-10-06 21:46:00,0,0.28272781500664473,0.8200000000000001,False,0.40669856459330145,False,sensor_459; sensor_187; sensor_319,0.5172306168206104,7.167259884520618,unreviewed_pass
4,1380,1380,2008-10-06 21:48:00,0,0.24955482701449375,0.8200000000000001,False,0.3333333333333333,False,sensor_472; sensor_527; sensor_128,2.9240194258295924,4.611030495835325,unreviewed_pass
4,1381,1381,2008-10-06 22:37:00,0,0.46400676346222947,0.8200000000000001,False,0.7129186602870813,False,sensor_472; sensor_527; sensor_455,0.061977987345587224,6.536918235301173,unreviewed_pass
4,1382,1382,2008-10-06 23:03:00,0,0.2976556045691156,0.8200000000000001,False,0.43221690590111644,False,sensor_472; sensor_319; sensor_455,2.8324189150021395,0.8008452631769831,unreviewed_pass
4,1383,1383,2008-10-07 01:46:00,0,0.4161125494674446,0.8200000000000001,False,0.6379585326953748,False,sensor_319; sensor_472; sensor_323,0.9698071768752088,2.06062113715725,unreviewed_pass
4,1384,1384,2008-10-07 03:29:00,0,0.11632624806111527,0.8200000000000001,False,0.11802232854864433,False,sensor_472; sensor_527; sensor_323,2.410467171733218,7.054538794131724,unreviewed_pass
4,1385,1385,2008-10-07 03:39:00,0,0.4417443293989313,0.8200000000000001,False,0.6762360446570973,False,sensor_472; sensor_455; sensor_527,2.9333309239337524,0.4628621532009629,unreviewed_pass
4,1386,1386,2008-10-07 07:32:00,0,0.5938900383934275,0.8200000000000001,False,0.8437001594896332,True,sensor_472; sensor_527; sensor_319,2.460646289170798,3.2283115100654394,false_alert
4,1387,1387,2008-10-07 07:41:00,0,0.0013380664196605296,0.8200000000000001,False,0.0,False,sensor_472; sensor_527; sensor_187,2.0234220345565923,14.76348489372789,unreviewed_pass
4,1388,1388,2008-10-07 08:25:00,0,0.31415719417375954,0.8200000000000001,False,0.47368421052631576,False,sensor_568; sensor_472; sensor_566,0.06429651100874813,9.923118610744934,unreviewed_pass
4,1389,1389,2008-10-07 08:26:00,0,0.33838832111632033,0.8200000000000001,False,0.5279106858054227,False,sensor_472; sensor_319; sensor_187,1.0723594366749558,3.4601092017043804,unreviewed_pass
4,1390,1390,2008-10-07 09:11:00,0,0.46893641528423824,0.8200000000000001,False,0.722488038277512,False,sensor_472; sensor_319; sensor_553,1.2615590942788437,10.597907079704106,unreviewed_pass
4,1391,1391,2008-10-07 09:20:00,0,0.3243586138790627,0.8200000000000001,False,0.49282296650717705,False,sensor_319; sensor_472; sensor_187,0.584635739631065,4.097519829817971,unreviewed_pass
4,1392,1392,2008-10-07 09:59:00,0,0.632209828975618,0.8200000000000001,False,0.8771929824561403,True,sensor_183; sensor_455; sensor_323,0.6930529295780756,3.513945256063022,false_alert
4,1393,1393,2008-10-07 10:04:00,0,0.4759896619754574,0.8200000000000001,False,0.7304625199362041,False,sensor_472; sensor_527; sensor_455,0.08186153552554314,7.568456176224872,unreviewed_pass
4,1394,1394,2008-10-07 10:10:00,0,0.3360313304308361,0.8200000000000001,False,0.5263157894736842,False,sensor_553; sensor_550; sensor_472,0.16779558829408064,7.968657456037788,unreviewed_pass
4,1395,1395,2008-10-07 10:51:00,0,0.34714523404995884,0.8200000000000001,False,0.5422647527910686,False,sensor_472; sensor_566; sensor_568,1.151189467935235,6.099174113493458,unreviewed_pass
4,1396,1396,2008-10-07 11:15:00,0,0.24706551302441201,0.8200000000000001,False,0.3269537480063796,False,sensor_472; sensor_319; sensor_527,1.5754609783762021,4.190971056992908,unreviewed_pass
4,1397,1397,2008-10-07 11:16:00,0,0.05293671265532859,0.8200000000000001,False,0.030303030303030304,False,sensor_472; sensor_527; sensor_323,1.9267849019809986,8.208771643692574,unreviewed_pass
4,1398,1398,2008-10-07 11:36:00,0,0.508514912562578,0.8200000000000001,False,0.7671451355661882,False,sensor_319; sensor_472; sensor_323,0.3358758476441169,2.8937493989156,unreviewed_pass
4,1399,1399,2008-10-07 12:40:00,0,0.4473854754216614,0.8200000000000001,False,0.6810207336523126,False,sensor_472; sensor_323; sensor_527,1.4272951357383188,3.5825606481859955,unreviewed_pass
4,1400,1400,2008-10-07 13:10:00,1,0.9997244416162915,0.8200000000000001,True,1.0,True,sensor_472; sensor_527; sensor_459,1.7860312638172278,2.867089145164994,captured_failure
4,1401,1401,2008-10-07 13:48:00,0,0.4761654726429622,0.8200000000000001,False,0.7320574162679426,False,sensor_472; sensor_527; sensor_187,0.704677465287853,3.238648470893983,unreviewed_pass
4,1402,1402,2008-10-07 14:35:00,0,0.7450354592521471,0.8200000000000001,False,0.9473684210526315,True,sensor_472; sensor_527; sensor_187,2.9751271256395277,7.669925947277543,false_alert
4,1403,1403,2008-10-07 16:32:00,0,0.42540637016363075,0.8200000000000001,False,0.6555023923444976,False,sensor_472; sensor_527; sensor_319,0.5955322881910202,4.257768436458571,unreviewed_pass
4,1404,1404,2008-10-07 17:06:00,0,0.35176560553619923,0.8200000000000001,False,0.5422647527910686,False,sensor_319; sensor_187; sensor_527,0.5396861870947897,7.113976551456702,unreviewed_pass
4,1405,1405,2008-10-07 17:28:00,0,0.4006735075646488,0.8200000000000001,False,0.620414673046252,False,sensor_472; sensor_527; sensor_187,1.3078291673750937,2.847567856363424,unreviewed_pass
4,1406,1406,2008-10-07 18:39:00,0,0.4997063545542897,0.8200000000000001,False,0.7575757575757576,False,sensor_472; sensor_455; sensor_183,1.485497274065687,1.7797603607894459,unreviewed_pass
4,1407,1407,2008-10-07 19:24:00,0,0.6509996484394027,0.8200000000000001,False,0.8835725677830941,True,sensor_319; sensor_187; sensor_459,0.36360325773735525,3.5080076797746527,false_alert
4,1408,1408,2008-10-07 20:19:00,0,0.4489017472694016,0.8200000000000001,False,0.682615629984051,False,sensor_455; sensor_183; sensor_323,0.5072215719050382,3.075154341815537,unreviewed_pass
4,1409,1409,2008-10-07 20:39:00,0,0.09057033110545773,0.8200000000000001,False,0.0861244019138756,False,sensor_472; sensor_319; sensor_527,0.38495908418420266,4.503353348855106,unreviewed_pass
4,1410,1410,2008-10-07 20:48:00,0,0.8829997820611395,0.8200000000000001,True,0.9872408293460925,True,sensor_472; sensor_527; sensor_187,1.7590922096349868,8.1017803082279,false_alert
4,1411,1411,2008-10-08 04:47:00,0,0.4838767508374386,0.8200000000000001,False,0.7416267942583732,False,sensor_472; sensor_527; sensor_323,0.6588846640214212,5.129096903047814,unreviewed_pass
4,1412,1412,2008-10-08 05:35:00,0,0.2396354302037193,0.8200000000000001,False,0.32057416267942584,False,sensor_319; sensor_187; sensor_459,0.13409061332934077,2.753224167309111,unreviewed_pass
4,1413,1413,2008-10-08 05:38:00,0,0.25304267538561104,0.8200000000000001,False,0.3444976076555024,False,sensor_472; sensor_553; sensor_564,0.09163755231540568,0.15374919665896508,unreviewed_pass
4,1414,1414,2008-10-08 06:25:00,0,0.3732662222896751,0.8200000000000001,False,0.5773524720893142,False,sensor_472; sensor_527; sensor_455,0.3127551785765184,2.055532751228637,unreviewed_pass
4,1415,1415,2008-10-08 07:10:00,0,0.24189005552596632,0.8200000000000001,False,0.3253588516746411,False,sensor_472; sensor_527; sensor_323,0.5286563560233862,1.9097783188826332,unreviewed_pass
4,1416,1416,2008-10-08 07:13:00,0,0.06227853186661508,0.8200000000000001,False,0.044657097288676235,False,sensor_472; sensor_319; sensor_556,0.24569571346694538,7.083619164321409,unreviewed_pass
4,1417,1417,2008-10-08 07:16:00,0,0.32858473319385184,0.8200000000000001,False,0.5007974481658692,False,sensor_472; sensor_568; sensor_319,1.2334964266600361,12.972323110260705,unreviewed_pass
4,1418,1418,2008-10-08 09:01:00,0,0.4199733591569309,0.8200000000000001,False,0.6427432216905901,False,sensor_183; sensor_564; sensor_455,0.43515436832508525,7.4592949183635815,unreviewed_pass
4,1419,1419,2008-10-08 09:06:00,0,0.2839914684090575,0.8200000000000001,False,0.40669856459330145,False,sensor_472; sensor_319; sensor_527,1.0320311389311427,2.616133534089515,unreviewed_pass
4,1420,1420,2008-10-08 10:37:00,0,0.06293917815818632,0.8200000000000001,False,0.044657097288676235,False,sensor_472; sensor_183; sensor_455,1.2177567624962875,2.0446180477546805,unreviewed_pass
4,1421,1421,2008-10-08 12:11:00,0,0.44236802844239054,0.8200000000000001,False,0.6762360446570973,False,sensor_472; sensor_527; sensor_323,1.020907649493728,3.3416887496387107,unreviewed_pass
4,1422,1422,2008-10-08 13:35:00,0,0.3983358026561981,0.8200000000000001,False,0.6156299840510366,False,sensor_472; sensor_527; sensor_187,1.176991562405104,3.363914646209718,unreviewed_pass
4,1423,1423,2008-10-08 13:38:00,0,0.5035037868551677,0.8200000000000001,False,0.7639553429027113,False,sensor_319; sensor_472; sensor_187,0.7625308130496221,4.468878823355535,unreviewed_pass
4,1424,1424,2008-10-08 14:48:00,0,0.357521361829542,0.8200000000000001,False,0.5550239234449761,False,sensor_319; sensor_187; sensor_459,1.4834644012339395,5.941025285412165,unreviewed_pass
4,1425,1425,2008-10-08 15:37:00,0,0.27052284735308973,0.8200000000000001,False,0.3827751196172249,False,sensor_472; sensor_319; sensor_564,0.4784086993082585,4.525789847497747,unreviewed_pass
4,1426,1426,2008-10-08 16:26:00,0,0.47435040295013264,0.8200000000000001,False,0.7288676236044657,False,sensor_472; sensor_319; sensor_527,0.7302933387569929,4.756333196412477,unreviewed_pass
4,1427,1427,2008-10-08 17:14:00,0,0.37762869807973465,0.8200000000000001,False,0.583732057416268,False,sensor_472; sensor_527; sensor_128,25.837223785951362,6.376147601306395,unreviewed_pass
4,1428,1428,2008-10-08 17:31:00,0,0.22254116207294874,0.8200000000000001,False,0.29505582137161085,False,sensor_472; sensor_319; sensor_187,1.8302179209080665,3.7282762018243396,unreviewed_pass
4,1429,1429,2008-10-08 17:41:00,0,0.24961035792490502,0.8200000000000001,False,0.3333333333333333,False,sensor_323; sensor_183; sensor_527,0.37105237007402436,4.629399058258726,unreviewed_pass
4,1430,1430,2008-10-08 18:22:00,0,0.0019472968202907041,0.8200000000000001,False,0.0,False,sensor_472; sensor_319; sensor_527,1.4135783951737673,5.237735975376232,unreviewed_pass
4,1431,1431,2008-10-08 20:27:00,0,0.3428235017636458,0.8200000000000001,False,0.5342902711323764,False,sensor_472; sensor_319; sensor_527,0.743068474184991,4.330379493821013,unreviewed_pass
4,1432,1432,2008-10-08 21:19:00,0,0.10546094493659645,0.8200000000000001,False,0.10207336523125997,False,sensor_472; sensor_527; sensor_128,2.1037478562890115,3.9766973544958777,unreviewed_pass
4,1433,1433,2008-10-08 21:45:00,0,0.18318650481195006,0.8200000000000001,False,0.22647527910685805,False,sensor_319; sensor_323; sensor_187,0.15352855556845343,4.360412383042067,unreviewed_pass
4,1434,1434,2008-10-08 22:08:00,0,0.0870820841780275,0.8200000000000001,False,0.07974481658692185,False,sensor_472; sensor_319; sensor_455,0.8197877602197097,1.7985395158946047,unreviewed_pass
4,1435,1435,2008-10-08 23:13:00,0,0.3165177489595021,0.8200000000000001,False,0.4800637958532695,False,sensor_472; sensor_527; sensor_187,1.1598716678497734,5.021061915897244,unreviewed_pass
4,1436,1436,2008-10-08 23:50:00,0,0.3536175691392144,0.8200000000000001,False,0.5470494417862839,False,sensor_472; sensor_319; sensor_459,1.681488138875052,2.7753014311882676,unreviewed_pass
4,1437,1437,2008-10-09 00:23:00,0,0.1748858953537137,0.8200000000000001,False,0.21212121212121213,False,sensor_568; sensor_566; sensor_319,0.27332499638757457,15.445955826276771,unreviewed_pass
4,1438,1438,2008-10-09 04:34:00,1,0.0032414173016790107,0.8200000000000001,False,0.0,False,sensor_472; sensor_323; sensor_319,0.344822793474468,2.3640803620421225,missed_failure
4,1439,1439,2008-10-09 06:06:00,0,0.23580719778306428,0.8200000000000001,False,0.31259968102073366,False,sensor_472; sensor_527; sensor_319,0.5194274455230633,4.44313912019659,unreviewed_pass
4,1440,1440,2008-10-09 07:38:00,0,0.6666871869970282,0.8200000000000001,False,0.8947368421052632,True,sensor_472; sensor_527; sensor_455,0.954074695749368,0.9578588297756191,false_alert
4,1441,1441,2008-10-09 14:15:00,0,0.4310312734272199,0.8200000000000001,False,0.6634768740031898,False,sensor_187; sensor_459; sensor_319,0.2762790451251478,2.7296005639904792,unreviewed_pass
4,1442,1442,2008-10-09 15:04:00,0,0.11875022485553434,0.8200000000000001,False,0.12440191387559808,False,sensor_472; sensor_527; sensor_128,3.7276354281813857,4.697411144216362,unreviewed_pass
4,1443,1443,2008-10-09 15:55:00,1,0.3193054916973015,0.8200000000000001,False,0.48484848484848486,False,sensor_187; sensor_459; sensor_527,0.22752858385688235,4.767566157564076,missed_failure
4,1444,1444,2008-10-09 15:56:00,0,0.14192256276202658,0.8200000000000001,False,0.15629984051036683,False,sensor_472; sensor_319; sensor_527,0.9704052178928517,9.441220714218938,unreviewed_pass
4,1445,1445,2008-10-10 10:05:00,0,0.3450818153178384,0.8200000000000001,False,0.5406698564593302,False,sensor_319; sensor_187; sensor_472,1.3130243691663104,2.639142433537488,unreviewed_pass
4,1446,1446,2008-10-10 10:46:00,0,0.5969665962812745,0.8200000000000001,False,0.8437001594896332,True,sensor_472; sensor_183; sensor_455,1.125295867187648,5.367916122970052,false_alert
4,1447,1447,2008-10-10 10:53:00,0,0.5209115991510008,0.8200000000000001,False,0.7799043062200957,False,sensor_472; sensor_527; sensor_459,0.04049317131194877,1.657760484217188,unreviewed_pass
4,1448,1448,2008-10-10 12:30:00,0,0.4967629345364796,0.8200000000000001,False,0.7543859649122807,False,sensor_472; sensor_527; sensor_319,0.3404953571420477,0.750405299914767,unreviewed_pass
4,1449,1449,2008-10-10 15:33:00,0,0.2732899076277531,0.8200000000000001,False,0.38596491228070173,False,sensor_319; sensor_187; sensor_459,0.3767650914754937,3.194636849671173,unreviewed_pass
4,1450,1450,2008-10-10 15:50:00,0,0.6900295456452502,0.8200000000000001,False,0.9122807017543859,True,sensor_323; sensor_187; sensor_459,0.5533436650411122,6.373196498743664,false_alert
4,1451,1451,2008-10-10 20:02:00,0,0.29967718238571417,0.8200000000000001,False,0.43381180223285487,False,sensor_323; sensor_564; sensor_472,0.36374916970655125,14.535241502581409,unreviewed_pass
4,1452,1452,2008-10-10 21:03:00,0,0.7274562315635877,0.8200000000000001,False,0.9409888357256778,True,sensor_472; sensor_527; sensor_323,1.7036694329703677,0.6103646598007065,false_alert
4,1453,1453,2008-10-10 21:07:00,0,0.11624280328166917,0.8200000000000001,False,0.11802232854864433,False,sensor_472; sensor_319; sensor_187,1.2384240100361505,2.537090705562031,unreviewed_pass
4,1454,1454,2008-10-10 21:16:00,0,0.11552784867783313,0.8200000000000001,False,0.11642743221690591,False,sensor_472; sensor_527; sensor_128,2.6021915983544277,0.6791100862730951,unreviewed_pass
4,1455,1455,2008-10-11 02:55:00,0,0.11985441456221077,0.8200000000000001,False,0.12599681020733652,False,sensor_472; sensor_319; sensor_564,0.6080537778902255,7.390351437408535,unreviewed_pass
4,1456,1456,2008-10-11 06:56:00,0,0.5446298577595163,0.8200000000000001,False,0.8054226475279107,True,sensor_319; sensor_459; sensor_187,0.4036687528855064,4.945258464704126,false_alert
4,1457,1457,2008-10-11 07:38:00,0,0.07676429411466099,0.8200000000000001,False,0.0685805422647528,False,sensor_472; sensor_319; sensor_128,0.3648520597506075,4.959814475241786,unreviewed_pass
4,1458,1458,2008-10-11 07:39:00,0,0.09031489097636645,0.8200000000000001,False,0.08452950558213716,False,sensor_472; sensor_527; sensor_128,58.47996052925041,2.6741903505000835,unreviewed_pass
4,1459,1459,2008-10-11 07:42:00,0,0.3596522345828095,0.8200000000000001,False,0.5550239234449761,False,sensor_319; sensor_323; sensor_566,0.46192256613391586,1.7872566509084444,unreviewed_pass
4,1460,1460,2008-10-11 08:27:00,0,0.510591187345465,0.8200000000000001,False,0.7703349282296651,False,sensor_472; sensor_527; sensor_459,1.9323294057492004,0.6816935800411102,unreviewed_pass
4,1461,1461,2008-10-11 14:43:00,0,0.3887184851369313,0.8200000000000001,False,0.6012759170653907,False,sensor_472; sensor_183; sensor_568,0.09261074279052978,8.278923727414181,unreviewed_pass
4,1462,1462,2008-10-11 15:33:00,0,0.0701622762310812,0.8200000000000001,False,0.05263157894736842,False,sensor_472; sensor_455; sensor_183,12.40015035344256,1.6603391774018426,unreviewed_pass
4,1463,1463,2008-10-11 16:25:00,0,0.07760253390132643,0.8200000000000001,False,0.0685805422647528,False,sensor_472; sensor_527; sensor_128,8.105445002844425,2.0366984509835535,unreviewed_pass
4,1464,1464,2008-10-11 23:16:00,0,0.03623058633412456,0.8200000000000001,False,0.019138755980861243,False,sensor_323; sensor_472; sensor_455,0.08864394225366186,6.200935957805069,unreviewed_pass
4,1465,1465,2008-10-11 23:58:00,0,0.07320298032422251,0.8200000000000001,False,0.05582137161084529,False,sensor_472; sensor_527; sensor_455,5.529327493819968,2.3410452000156448,unreviewed_pass
4,1466,1466,2008-10-12 00:57:00,0,0.19724567271467774,0.8200000000000001,False,0.24880382775119617,False,sensor_564; sensor_319; sensor_566,0.1616214062572344,5.257495761375144,unreviewed_pass
4,1467,1467,2008-10-12 01:50:00,0,0.6325621250821235,0.8200000000000001,False,0.8771929824561403,True,sensor_472; sensor_566; sensor_568,0.3382172565691397,3.906927371927599,false_alert
4,1468,1468,2008-10-12 02:59:00,0,0.10064213408208174,0.8200000000000001,False,0.10047846889952153,False,sensor_472; sensor_455; sensor_183,1.4565359851018063,1.5697598820923897,unreviewed_pass
4,1469,1469,2008-10-12 03:21:00,0,0.414675600864626,0.8200000000000001,False,0.6347687400318979,False,sensor_472; sensor_323; sensor_319,0.9209549891678881,6.202697721795851,unreviewed_pass
4,1470,1470,2008-10-12 03:28:00,0,0.40537700261232407,0.8200000000000001,False,0.6267942583732058,False,sensor_472; sensor_319; sensor_566,0.9967871737607895,5.697592849811063,unreviewed_pass
4,1471,1471,2008-10-12 08:19:00,0,0.0853328185336192,0.8200000000000001,False,0.07496012759170653,False,sensor_472; sensor_527; sensor_455,3.523612282127181,3.8800546655813735,unreviewed_pass
4,1472,1472,2008-10-12 18:47:00,0,0.4216291058826596,0.8200000000000001,False,0.6475279106858054,False,sensor_472; sensor_455; sensor_183,0.38312316911086935,1.3963864139622328,unreviewed_pass
4,1473,1473,2008-10-13 03:34:00,0,0.2592106180003767,0.8200000000000001,False,0.3572567783094099,False,sensor_472; sensor_455; sensor_568,0.6435723303300374,4.81641975983398,unreviewed_pass
4,1474,1474,2008-10-13 03:53:00,0,0.3543337887512681,0.8200000000000001,False,0.5502392344497608,False,sensor_472; sensor_455; sensor_183,2.550515433750815,6.24307386839029,unreviewed_pass
4,1475,1475,2008-10-13 11:27:00,0,0.2600326354125302,0.8200000000000001,False,0.3588516746411483,False,sensor_472; sensor_527; sensor_128,1.666316336886527,1.1587511306094513,unreviewed_pass
4,1476,1476,2008-10-13 12:18:00,0,0.4132085452268386,0.8200000000000001,False,0.6331738437001595,False,sensor_319; sensor_187; sensor_459,0.7241494600971177,8.620127092076658,unreviewed_pass
4,1477,1477,2008-10-13 14:06:00,0,0.13385569292254695,0.8200000000000001,False,0.14513556618819776,False,sensor_472; sensor_527; sensor_187,1.0922447604165773,3.6355793779090466,unreviewed_pass
4,1478,1478,2008-10-13 14:29:00,0,0.2730320564067458,0.8200000000000001,False,0.38596491228070173,False,sensor_472; sensor_527; sensor_128,5.229141918846672,2.4753415707005297,unreviewed_pass
4,1479,1479,2008-10-13 14:30:00,0,0.3489611067514266,0.8200000000000001,False,0.5422647527910686,False,sensor_566; sensor_564; sensor_319,0.28324401316028786,3.356465206688021,unreviewed_pass
4,1480,1480,2008-10-13 14:55:00,0,0.462869402191272,0.8200000000000001,False,0.7113237639553429,False,sensor_472; sensor_527; sensor_459,1.4806426034011573,1.6210506685535901,unreviewed_pass
4,1481,1481,2008-10-13 15:42:00,0,0.2319805470268545,0.8200000000000001,False,0.3062200956937799,False,sensor_472; sensor_527; sensor_566,1.1043153252000089,5.436886383824593,unreviewed_pass
4,1482,1482,2008-10-13 15:42:00,0,0.299652494629031,0.8200000000000001,False,0.43381180223285487,False,sensor_472; sensor_319; sensor_187,0.22294923008844872,3.9672856904474108,unreviewed_pass
4,1483,1483,2008-10-13 16:13:00,0,0.21043930743667147,0.8200000000000001,False,0.27910685805422647,False,sensor_472; sensor_527; sensor_566,1.052711032049782,1.5104029473605196,unreviewed_pass
4,1484,1484,2008-10-13 19:17:00,0,0.4246979568522483,0.8200000000000001,False,0.6555023923444976,False,sensor_472; sensor_527; sensor_128,2.9602934722127667,2.4447248965473474,unreviewed_pass
4,1485,1485,2008-10-13 19:36:00,0,0.6680351234675183,0.8200000000000001,False,0.8947368421052632,True,sensor_472; sensor_527; sensor_128,1.7412919854893631,5.510856629556085,false_alert
4,1486,1486,2008-10-13 19:40:00,0,0.2044145052831833,0.8200000000000001,False,0.26953748006379585,False,sensor_472; sensor_527; sensor_323,2.1040068750689525,1.294895087864753,unreviewed_pass
4,1487,1487,2008-10-13 20:10:00,0,0.5900107246346215,0.8200000000000001,False,0.8373205741626795,True,sensor_527; sensor_187; sensor_319,1.4915638600964174,4.254147659147532,false_alert
4,1488,1488,2008-10-13 20:30:00,0,0.3042943981487739,0.8200000000000001,False,0.4481658692185008,False,sensor_472; sensor_319; sensor_455,0.802281028923305,5.172125235861565,unreviewed_pass
4,1489,1489,2008-10-13 20:53:00,0,0.05729453869832628,0.8200000000000001,False,0.03668261562998405,False,sensor_319; sensor_187; sensor_459,1.4544045015371672,6.077194943551475,unreviewed_pass
4,1490,1490,2008-10-13 21:20:00,0,0.32602560234822797,0.8200000000000001,False,0.4944178628389155,False,sensor_472; sensor_527; sensor_128,1.2286795222509477,0.7065870008102582,unreviewed_pass
4,1491,1491,2008-10-13 21:47:00,0,0.2981018833843123,0.8200000000000001,False,0.43381180223285487,False,sensor_472; sensor_553; sensor_527,0.9197367398933969,5.689338819442848,unreviewed_pass
4,1492,1492,2008-10-13 21:57:00,0,0.30621228250236826,0.8200000000000001,False,0.4529505582137161,False,sensor_472; sensor_319; sensor_566,1.5362057477159181,6.488745042204036,unreviewed_pass
4,1493,1493,2008-10-13 22:48:00,0,0.07759432846529404,0.8200000000000001,False,0.0685805422647528,False,sensor_319; sensor_187; sensor_459,0.19240915536881928,2.232022304248189,unreviewed_pass
4,1494,1494,2008-10-13 22:54:00,0,0.2649613431335194,0.8200000000000001,False,0.37161084529505584,False,sensor_472; sensor_527; sensor_459,1.462094415873747,1.3905070810220377,unreviewed_pass
4,1495,1495,2008-10-14 00:35:00,0,0.10526976484348072,0.8200000000000001,False,0.10207336523125997,False,sensor_472; sensor_527; sensor_319,0.8176616004524624,6.897773298209506,unreviewed_pass
4,1496,1496,2008-10-14 03:21:00,0,0.40125309451160945,0.8200000000000001,False,0.620414673046252,False,sensor_472; sensor_455; sensor_183,0.9655847412133575,5.071733300453992,unreviewed_pass
4,1497,1497,2008-10-14 03:28:00,0,0.6718668609277203,0.8200000000000001,False,0.8963317384370016,True,sensor_472; sensor_527; sensor_187,1.0110407735420728,3.723442789097423,false_alert
4,1498,1498,2008-10-14 03:35:00,0,0.21545745140919773,0.8200000000000001,False,0.28708133971291866,False,sensor_472; sensor_527; sensor_323,2.7925093238847927,5.550186556811277,unreviewed_pass
4,1499,1499,2008-10-14 13:13:00,0,0.5177736036925263,0.8200000000000001,False,0.7799043062200957,False,sensor_472; sensor_319; sensor_527,0.8860181758794987,5.327118669966763,unreviewed_pass
4,1500,1500,2008-10-14 13:16:00,0,0.17509852681378216,0.8200000000000001,False,0.21212121212121213,False,sensor_472; sensor_527; sensor_187,1.6955300393423587,5.19680150312296,unreviewed_pass
4,1501,1501,2008-10-14 14:07:00,0,0.2039611647181762,0.8200000000000001,False,0.2679425837320574,False,sensor_187; sensor_319; sensor_459,1.6351461995048457,7.979950425961236,unreviewed_pass
4,1502,1502,2008-10-14 14:15:00,0,0.09087945327366131,0.8200000000000001,False,0.0861244019138756,False,sensor_319; sensor_187; sensor_472,0.2976522707894105,2.9188218904304386,unreviewed_pass
4,1503,1503,2008-10-14 14:43:00,0,0.0032896439250087103,0.8200000000000001,False,0.0,False,sensor_472; sensor_319; sensor_183,1.6090588983031606,4.383702412627143,unreviewed_pass
4,1504,1504,2008-10-14 17:36:00,0,0.15402924978633067,0.8200000000000001,False,0.18022328548644337,False,sensor_568; sensor_556; sensor_553,0.10703149476861155,5.940480429377814,unreviewed_pass
4,1505,1505,2008-10-14 19:15:00,0,0.49114252457492724,0.8200000000000001,False,0.7496012759170654,False,sensor_472; sensor_527; sensor_459,3.422403635148143,3.195975569300157,unreviewed_pass
4,1506,1506,2008-10-14 20:01:00,0,0.5403177287673104,0.8200000000000001,False,0.8022328548644339,False,sensor_323; sensor_472; sensor_187,0.39344699254821414,3.448498684260244,unreviewed_pass
4,1507,1507,2008-10-14 20:30:00,0,0.5641687809807495,0.8200000000000001,False,0.8165869218500797,True,sensor_566; sensor_568; sensor_472,0.08917856831772959,17.095477959507072,false_alert
4,1508,1508,2008-10-14 20:48:00,0,0.3057898319691351,0.8200000000000001,False,0.4513556618819777,False,sensor_472; sensor_319; sensor_183,0.10033117819387025,4.071906126401554,unreviewed_pass
4,1509,1509,2008-10-14 21:36:00,0,0.5793626164924232,0.8200000000000001,False,0.8293460925039873,True,sensor_472; sensor_527; sensor_128,4.4904872959067585,1.8424995736184384,false_alert
4,1510,1510,2008-10-14 23:07:00,0,0.19150091315017692,0.8200000000000001,False,0.23763955342902712,False,sensor_472; sensor_527; sensor_128,4.776183496389545,10.745401496150043,unreviewed_pass
4,1511,1511,2008-10-15 00:03:00,0,0.3279321116030764,0.8200000000000001,False,0.49920255183413076,False,sensor_472; sensor_319; sensor_187,1.1374579938253986,7.717362143712952,unreviewed_pass
4,1512,1512,2008-10-15 00:27:00,0,0.2893307651528014,0.8200000000000001,False,0.41626794258373206,False,sensor_183; sensor_455; sensor_459,0.17205686571385698,3.984628574889971,unreviewed_pass
4,1513,1513,2008-10-15 00:47:00,0,0.5687496558914863,0.8200000000000001,False,0.8213716108452951,True,sensor_472; sensor_319; sensor_187,2.6700022509959203,6.658382812884506,false_alert
4,1514,1514,2008-10-15 01:52:00,0,0.2537152025955657,0.8200000000000001,False,0.34609250398724084,False,sensor_319; sensor_472; sensor_323,0.15035523502144324,3.2484114203914465,unreviewed_pass
4,1515,1515,2008-10-15 01:52:00,0,0.6631693986256989,0.8200000000000001,False,0.8947368421052632,True,sensor_472; sensor_319; sensor_323,0.744063365084596,2.2133093448268095,false_alert
4,1516,1516,2008-10-15 01:52:00,0,0.3808951127811015,0.8200000000000001,False,0.5901116427432217,False,sensor_527; sensor_319; sensor_187,1.0452301353291036,6.3799517451036545,unreviewed_pass
4,1517,1517,2008-10-15 02:40:00,0,0.4347190855887228,0.8200000000000001,False,0.6666666666666666,False,sensor_472; sensor_527; sensor_187,1.7718517282274266,3.4617396864637846,unreviewed_pass
4,1518,1518,2008-10-15 02:40:00,0,0.39334813573111,0.8200000000000001,False,0.6076555023923444,False,sensor_472; sensor_527; sensor_128,2.6970351593178497,8.601305626475718,unreviewed_pass
4,1519,1519,2008-10-15 02:42:00,1,0.7824375867920332,0.8200000000000001,False,0.9569377990430622,True,sensor_472; sensor_319; sensor_553,1.152674272453567,4.183208384447571,captured_failure
4,1520,1520,2008-10-15 03:24:00,0,0.005412601808377819,0.8200000000000001,False,0.0,False,sensor_472; sensor_527; sensor_187,0.41453078047878295,4.504830451055832,unreviewed_pass
4,1521,1521,2008-10-15 04:08:00,0,0.4345242495389519,0.8200000000000001,False,0.6666666666666666,False,sensor_472; sensor_319; sensor_553,0.5488268228392958,4.508210061679595,unreviewed_pass
4,1522,1522,2008-10-15 05:13:00,0,0.5438372081907713,0.8200000000000001,False,0.8054226475279107,False,sensor_553; sensor_472; sensor_556,0.13511089226672654,11.775337326260505,unreviewed_pass
4,1523,1523,2008-10-15 05:16:00,0,0.0022581218743623556,0.8200000000000001,False,0.0,False,sensor_319; sensor_187; sensor_459,0.4679970397356702,2.6452664129288386,unreviewed_pass
4,1524,1524,2008-10-15 06:49:00,0,0.11591078453668603,0.8200000000000001,False,0.11802232854864433,False,sensor_527; sensor_319; sensor_472,0.8826625398719703,4.884055790857503,unreviewed_pass
4,1525,1525,2008-10-15 07:36:00,0,0.34506694100814306,0.8200000000000001,False,0.5406698564593302,False,sensor_472; sensor_527; sensor_128,1.9850947922597129,4.421033603013116,unreviewed_pass
4,1526,1526,2008-10-15 07:55:00,0,0.17240619946578498,0.8200000000000001,False,0.20574162679425836,False,sensor_472; sensor_527; sensor_187,1.119456823393062,3.5170547187652534,unreviewed_pass
4,1527,1527,2008-10-15 08:21:00,0,0.31784453882656344,0.8200000000000001,False,0.48165869218500795,False,sensor_472; sensor_319; sensor_128,1.6695386908966372,2.5962433600700052,unreviewed_pass
4,1528,1528,2008-10-15 09:11:00,0,0.4026468024011266,0.8200000000000001,False,0.620414673046252,False,sensor_564; sensor_472; sensor_566,0.23646291693632018,21.374241444781052,unreviewed_pass
4,1529,1529,2008-10-15 10:00:00,0,0.06476921512414943,0.8200000000000001,False,0.044657097288676235,False,sensor_472; sensor_527; sensor_128,2.0753696745247208,0.9641520971225893,unreviewed_pass
4,1530,1530,2008-10-15 12:53:00,0,0.2740794104521021,0.8200000000000001,False,0.3875598086124402,False,sensor_319; sensor_459; sensor_187,0.15882586001904017,2.6561951641938806,unreviewed_pass
4,1531,1531,2008-10-15 13:14:00,0,0.3933178950337099,0.8200000000000001,False,0.6076555023923444,False,sensor_472; sensor_527; sensor_128,0.7355273876409729,1.0514733790512416,unreviewed_pass
4,1532,1532,2008-10-15 13:16:00,0,0.24391573654196477,0.8200000000000001,False,0.3253588516746411,False,sensor_472; sensor_527; sensor_128,7.185061299122047,0.971665058223844,unreviewed_pass
4,1533,1533,2008-10-15 14:08:00,0,0.3466817977367683,0.8200000000000001,False,0.5406698564593302,False,sensor_472; sensor_527; sensor_459,2.52762915644718,6.47498489080029,unreviewed_pass
4,1534,1534,2008-10-15 15:11:00,0,0.25821420999356326,0.8200000000000001,False,0.3572567783094099,False,sensor_472; sensor_527; sensor_128,3.370091357262057,3.2275837433075414,unreviewed_pass
4,1535,1535,2008-10-15 16:24:00,0,0.1552351580184168,0.8200000000000001,False,0.18181818181818182,False,sensor_472; sensor_527; sensor_459,1.9556008962702256,2.4206034926119138,unreviewed_pass
4,1536,1536,2008-10-15 17:19:00,0,0.44856936083407234,0.8200000000000001,False,0.682615629984051,False,sensor_472; sensor_319; sensor_527,2.5770670025762636,6.311462240885616,unreviewed_pass
4,1537,1537,2008-10-15 18:16:00,0,0.05631475227913108,0.8200000000000001,False,0.03349282296650718,False,sensor_472; sensor_527; sensor_128,1.5583825085052356,4.819433350877431,unreviewed_pass
4,1538,1538,2008-10-15 19:15:00,0,0.37009541862839673,0.8200000000000001,False,0.5725677830940988,False,sensor_472; sensor_527; sensor_323,2.014489764460097,4.744146645170374,unreviewed_pass
4,1539,1539,2008-10-15 19:24:00,0,0.36655491357977915,0.8200000000000001,False,0.5677830940988836,False,sensor_472; sensor_566; sensor_527,0.6619823235583805,3.9806939048110506,unreviewed_pass
4,1540,1540,2008-10-15 21:44:00,0,0.2670118546213368,0.8200000000000001,False,0.3763955342902711,False,sensor_319; sensor_187; sensor_459,0.5013791875621303,7.659616449433975,unreviewed_pass
4,1541,1541,2008-10-15 22:45:00,0,0.2912560566053039,0.8200000000000001,False,0.4226475279106858,False,sensor_472; sensor_319; sensor_323,0.1852723700336834,4.2962557336873575,unreviewed_pass
4,1542,1542,2008-10-15 22:54:00,0,0.7321422019873205,0.8200000000000001,False,0.9409888357256778,True,sensor_472; sensor_527; sensor_128,1.6434905283965384,11.664075795989815,false_alert
4,1543,1543,2008-10-15 23:00:00,0,0.11428239249408126,0.8200000000000001,False,0.11483253588516747,False,sensor_472; sensor_566; sensor_183,1.8815849410666767,13.229055197842216,unreviewed_pass
4,1544,1544,2008-10-15 23:45:00,0,0.37754753301828586,0.8200000000000001,False,0.583732057416268,False,sensor_566; sensor_472; sensor_568,0.04428101521136074,9.973206777509295,unreviewed_pass
4,1545,1545,2008-10-16 02:16:00,0,0.4140774714006738,0.8200000000000001,False,0.6331738437001595,False,sensor_472; sensor_455; sensor_183,0.16975498747497825,1.4418568156283107,unreviewed_pass
4,1546,1546,2008-10-16 02:16:00,0,0.3639534131732682,0.8200000000000001,False,0.5614035087719298,False,sensor_455; sensor_183; sensor_323,0.7426063423022903,2.3915930200805926,unreviewed_pass
4,1547,1547,2008-10-16 02:17:00,0,0.4393333318452124,0.8200000000000001,False,0.6762360446570973,False,sensor_472; sensor_527; sensor_323,0.4785423786356892,1.0442855693140072,unreviewed_pass
4,1548,1548,2008-10-16 02:22:00,0,0.08466350275194878,0.8200000000000001,False,0.0733652312599681,False,sensor_472; sensor_527; sensor_459,4.143385071973808,2.2714162609724218,unreviewed_pass
4,1549,1549,2008-10-16 02:55:00,0,0.27697989758986213,0.8200000000000001,False,0.39074960127591707,False,sensor_472; sensor_455; sensor_183,6.688510946867795,1.0854469333735355,unreviewed_pass
4,1550,1550,2008-10-16 03:56:00,0,0.360242731753333,0.8200000000000001,False,0.5550239234449761,False,sensor_472; sensor_319; sensor_455,1.694718459042341,2.0544898589466283,unreviewed_pass
4,1551,1551,2008-10-16 04:02:00,0,0.4608332689404876,0.8200000000000001,False,0.7081339712918661,False,sensor_472; sensor_319; sensor_187,0.4227621314724795,6.302819467554358,unreviewed_pass
4,1552,1552,2008-10-16 04:02:00,0,0.2008876465607409,0.8200000000000001,False,0.2647527910685805,False,sensor_472; sensor_527; sensor_323,7.132092918437833,28.504066013457013,unreviewed_pass
4,1553,1553,2008-10-16 04:04:00,0,0.12316854706681905,0.8200000000000001,False,0.1291866028708134,False,sensor_472; sensor_527; sensor_187,1.705728660089108,12.745940363154816,unreviewed_pass
4,1554,1554,2008-10-16 04:47:00,0,0.5496428487888785,0.8200000000000001,False,0.810207336523126,True,sensor_187; sensor_459; sensor_319,0.2340959140165006,12.069460316457143,false_alert
4,1555,1555,2008-10-16 04:50:00,0,0.8249263386711572,0.8200000000000001,True,0.9665071770334929,True,sensor_472; sensor_183; sensor_527,0.5014016407568734,12.274210938159882,false_alert
4,1556,1556,2008-10-16 04:54:00,0,0.2172931585049284,0.8200000000000001,False,0.2886762360446571,False,sensor_472; sensor_527; sensor_187,1.852428234966232,0.8633474661217746,unreviewed_pass
4,1557,1557,2008-10-16 05:08:00,0,0.4507727402448143,0.8200000000000001,False,0.6874003189792663,False,sensor_323; sensor_527; sensor_183,0.517142281898487,12.309549395540316,unreviewed_pass
4,1558,1558,2008-10-16 05:13:00,0,0.06725622108468636,0.8200000000000001,False,0.046251993620414676,False,sensor_472; sensor_527; sensor_128,3.3504505488539373,2.1182421004972323,unreviewed_pass
4,1559,1559,2008-10-16 05:44:00,0,0.4254022903430153,0.8200000000000001,False,0.6555023923444976,False,sensor_472; sensor_527; sensor_319,4.98771901286174,2.55189988924781,unreviewed_pass
4,1560,1560,2008-10-16 05:58:00,0,0.15180705386528004,0.8200000000000001,False,0.17384370015948963,False,sensor_472; sensor_527; sensor_128,2.1476294157873834,4.352700676278628,unreviewed_pass
4,1561,1561,2008-10-16 15:02:00,0,0.43937614207498416,0.8200000000000001,False,0.6762360446570973,False,sensor_472; sensor_527; sensor_128,1.7986852342851698,1.5628084905598882,unreviewed_pass
4,1562,1562,2008-10-16 15:13:00,0,0.5836129966707728,0.8200000000000001,False,0.8309409888357256,True,sensor_472; sensor_319; sensor_455,3.455602212075715,9.316496106221827,false_alert
4,1563,1563,2008-10-16 20:49:00,0,0.09558119402835334,0.8200000000000001,False,0.08931419457735247,False,sensor_472; sensor_527; sensor_459,0.6812054200615145,12.749655409128463,unreviewed_pass
4,1564,1564,2008-10-17 05:26:00,0,0.49417228406436386,0.8200000000000001,False,0.7511961722488039,False,sensor_472; sensor_527; sensor_128,1.8407012958034041,6.023782339625345,unreviewed_pass
4,1565,1565,2008-10-17 06:01:00,0,0.3768059548556001,0.8200000000000001,False,0.5821371610845295,False,sensor_319; sensor_187; sensor_455,2.420780977651477,3.6663769771122103,unreviewed_pass
4,1566,1566,2008-10-17 06:07:00,0,0.5988518095159466,0.8200000000000001,False,0.8484848484848485,True,sensor_472; sensor_527; sensor_128,4.267653550023047,4.015916428524143,false_alert
