window,position,run_id,timestamp,truth,risk,threshold,threshold_alert,past_validation_percentile,batch_review_top20
1,783,783,2008-09-11 08:06:00,0,0.23063627871990158,0.61,False,0.4642857142857143,False
1,784,784,2008-09-11 08:58:00,0,0.09287642732334353,0.61,False,0.17091836734693877,False
1,785,785,2008-09-11 09:24:00,0,0.18285112009466714,0.61,False,0.36989795918367346,False
1,786,786,2008-09-11 12:47:00,0,0.3302634339412218,0.61,False,0.6530612244897959,False
1,787,787,2008-09-11 13:36:00,0,0.13229446641025586,0.61,False,0.25,False
1,788,788,2008-09-11 14:20:00,0,0.06615126239846932,0.61,False,0.09693877551020408,False
1,789,789,2008-09-11 14:24:00,0,0.24706561764806478,0.61,False,0.4923469387755102,False
1,790,790,2008-09-11 14:31:00,0,0.6566967685622627,0.61,True,0.9183673469387755,True
1,791,791,2008-09-11 15:05:00,0,0.09966261439472515,0.61,False,0.1913265306122449,False
1,792,792,2008-09-11 15:08:00,0,0.2796716958912689,0.61,False,0.5561224489795918,False
1,793,793,2008-09-11 16:28:00,0,0.13173350033779344,0.61,False,0.24489795918367346,False
1,794,794,2008-09-11 21:13:00,0,0.06714291318824547,0.61,False,0.09948979591836735,False
1,795,795,2008-09-11 22:07:00,1,0.13284957936180025,0.61,False,0.25255102040816324,False
1,796,796,2008-09-11 23:10:00,0,0.18869927435892014,0.61,False,0.3877551020408163,False
1,797,797,2008-09-11 23:48:00,1,0.20699061931956628,0.61,False,0.43112244897959184,False
1,798,798,2008-09-12 05:11:00,0,0.05670591823558479,0.61,False,0.061224489795918366,False
1,799,799,2008-09-12 05:55:00,0,0.25395387517296386,0.61,False,0.5,False
1,800,800,2008-09-12 06:38:00,0,0.046550060789719294,0.61,False,0.04846938775510204,False
1,801,801,2008-09-12 06:41:00,0,0.15084052299550474,0.61,False,0.29081632653061223,False
1,802,802,2008-09-12 06:45:00,0,0.15288216635535892,0.61,False,0.29336734693877553,False
1,803,803,2008-09-12 07:21:00,0,0.1709457127491361,0.61,False,0.35459183673469385,False
1,804,804,2008-09-12 07:29:00,0,0.1420750380934368,0.61,False,0.27040816326530615,False
1,805,805,2008-09-12 07:38:00,0,0.3197209889069299,0.61,False,0.6301020408163265,False
1,806,806,2008-09-12 11:57:00,0,0.1292601822454663,0.61,False,0.2423469387755102,False
1,807,807,2008-09-12 13:08:00,0,0.15925502420037077,0.61,False,0.3086734693877551,False
1,808,808,2008-09-12 14:52:00,0,0.1417679785751304,0.61,False,0.27040816326530615,False
1,809,809,2008-09-12 15:40:00,0,0.06734646172645459,0.61,False,0.09948979591836735,False
1,810,810,2008-09-12 16:23:00,0,0.18139889697182288,0.61,False,0.36989795918367346,False
1,811,811,2008-09-12 18:01:00,0,0.16214372679164127,0.61,False,0.3137755102040816,False
1,812,812,2008-09-12 18:52:00,0,0.1374658892151935,0.61,False,0.2653061224489796,False
1,813,813,2008-09-12 19:36:00,0,0.43270721578376703,0.61,False,0.7831632653061225,False
1,814,814,2008-09-12 20:28:00,0,0.049450499034846516,0.61,False,0.05102040816326531,False
1,815,815,2008-09-12 21:12:00,0,0.2270436940882565,0.61,False,0.45408163265306123,False
1,816,816,2008-09-12 22:25:00,0,0.29437706371828143,0.61,False,0.5867346938775511,False
1,817,817,2008-09-12 22:45:00,0,0.14183614482945098,0.61,False,0.27040816326530615,False
1,818,818,2008-09-12 23:28:00,0,0.03050096214621066,0.61,False,0.02040816326530612,False
1,819,819,2008-09-12 23:40:00,0,0.1772308841832491,0.61,False,0.3647959183673469,False
1,820,820,2008-09-13 00:25:00,0,0.7535032443188989,0.61,True,0.9642857142857143,True
1,821,821,2008-09-13 02:57:00,0,0.3274771028690779,0.61,False,0.6454081632653061,False
1,822,822,2008-09-13 03:14:00,0,0.035895570099083625,0.61,False,0.02295918367346939,False
1,823,823,2008-09-13 09:19:00,0,0.10030253592199907,0.61,False,0.1913265306122449,False
1,824,824,2008-09-13 10:55:00,0,0.6439081744461987,0.61,True,0.9132653061224489,True
1,825,825,2008-09-13 11:42:00,0,0.8095909456718995,0.61,True,0.9795918367346939,True
1,826,826,2008-09-13 11:56:00,1,0.11878896635317804,0.61,False,0.22959183673469388,False
1,827,827,2008-09-13 12:48:00,0,0.2583929761263481,0.61,False,0.5229591836734694,False
1,828,828,2008-09-13 14:07:00,0,0.07530695603555707,0.61,False,0.13010204081632654,False
1,829,829,2008-09-13 16:04:00,0,0.009031905802110496,0.61,False,0.00510204081632653,False
1,830,830,2008-09-13 16:04:00,0,0.3030405593736477,0.61,False,0.6071428571428571,False
1,831,831,2008-09-13 20:06:00,1,0.07214822351160612,0.61,False,0.11734693877551021,False
1,832,832,2008-09-14 02:50:00,0,0.34338147552834636,0.61,False,0.673469387755102,False
1,833,833,2008-09-14 02:59:00,0,0.2952616397267547,0.61,False,0.5867346938775511,False
1,834,834,2008-09-14 15:02:00,0,0.39085528946664033,0.61,False,0.75,False
1,835,835,2008-09-14 15:46:00,0,0.1145250917975524,0.61,False,0.21683673469387754,False
1,836,836,2008-09-14 16:34:00,0,0.7513982749742255,0.61,True,0.9642857142857143,True
1,837,837,2008-09-14 17:40:00,0,0.044491829983371034,0.61,False,0.04591836734693878,False
1,838,838,2008-09-14 18:27:00,0,0.4692689576231558,0.61,False,0.798469387755102,True
1,839,839,2008-09-14 18:27:00,0,0.030983840902173897,0.61,False,0.02040816326530612,False
1,840,840,2008-09-14 19:13:00,0,0.23070194147248785,0.61,False,0.4642857142857143,False
1,841,841,2008-09-14 20:00:00,0,0.25749982584011805,0.61,False,0.5178571428571429,False
1,842,842,2008-09-14 20:43:00,0,0.20791224381730955,0.61,False,0.43112244897959184,False
1,843,843,2008-09-14 20:45:00,0,0.3171523069137406,0.61,False,0.6275510204081632,False
1,844,844,2008-09-14 21:31:00,0,0.42420507874986946,0.61,False,0.7755102040816326,False
1,845,845,2008-09-14 23:00:00,0,0.05581341784418508,0.61,False,0.061224489795918366,False
1,846,846,2008-09-15 02:04:00,0,0.7317753422439137,0.61,True,0.9591836734693877,True
1,847,847,2008-09-15 10:03:00,0,0.7730178276764703,0.61,True,0.9693877551020408,True
1,848,848,2008-09-15 11:40:00,0,0.5039677839704981,0.61,False,0.8290816326530612,True
1,849,849,2008-09-15 12:27:00,0,0.5909375198384946,0.61,False,0.8775510204081632,True
1,850,850,2008-09-15 16:10:00,0,0.27875842286186747,0.61,False,0.5535714285714286,False
1,851,851,2008-09-15 16:59:00,0,0.5547846461108461,0.61,False,0.8520408163265306,True
1,852,852,2008-09-15 19:54:00,0,0.31362318036260073,0.61,False,0.6275510204081632,False
1,853,853,2008-09-15 21:56:00,0,0.3355655878167295,0.61,False,0.6607142857142857,False
1,854,854,2008-09-15 22:13:00,0,0.02872052060261351,0.61,False,0.02040816326530612,False
1,855,855,2008-09-15 22:45:00,0,0.25593719025897793,0.61,False,0.5127551020408163,False
1,856,856,2008-09-15 22:54:00,0,0.5632473243380279,0.61,False,0.8571428571428571,True
1,857,857,2008-09-15 23:37:00,0,0.23117393343283898,0.61,False,0.46683673469387754,False
1,858,858,2008-09-16 07:39:00,0,0.31746580655509393,0.61,False,0.6275510204081632,False
1,859,859,2008-09-16 07:48:00,0,0.18657145376939685,0.61,False,0.3852040816326531,False
1,860,860,2008-09-16 08:50:00,0,0.08764118503661962,0.61,False,0.15816326530612246,False
1,861,861,2008-09-16 08:52:00,0,0.027096261397535456,0.61,False,0.015306122448979591,False
1,862,862,2008-09-16 09:37:00,0,0.15291871939012258,0.61,False,0.29591836734693877,False
1,863,863,2008-09-16 17:07:00,0,0.0870232350653111,0.61,False,0.15816326530612246,False
1,864,864,2008-09-16 18:09:00,0,0.1532783481231722,0.61,False,0.29591836734693877,False
1,865,865,2008-09-16 18:23:00,0,0.14739418954813105,0.61,False,0.28316326530612246,False
1,866,866,2008-09-16 19:34:00,0,0.40359378165144194,0.61,False,0.7627551020408163,False
1,867,867,2008-09-16 19:45:00,0,0.08226558256326325,0.61,False,0.14540816326530612,False
1,868,868,2008-09-16 21:21:00,0,0.3760371050578527,0.61,False,0.7321428571428571,False
1,869,869,2008-09-16 22:45:00,0,0.389817921039732,0.61,False,0.75,False
1,870,870,2008-09-17 02:01:00,0,0.3393959622233937,0.61,False,0.6709183673469388,False
1,871,871,2008-09-17 04:23:00,1,0.7985574194561249,0.61,True,0.9795918367346939,True
1,872,872,2008-09-17 07:14:00,0,0.16366798382983103,0.61,False,0.3137755102040816,False
1,873,873,2008-09-17 07:28:00,0,0.10674223548609396,0.61,False,0.2066326530612245,False
1,874,874,2008-09-17 21:52:00,0,0.6359195535659065,0.61,True,0.9081632653061225,True
1,875,875,2008-09-18 00:57:00,0,0.1091595222284493,0.61,False,0.21173469387755103,False
1,876,876,2008-09-18 01:40:00,0,0.18722433657675774,0.61,False,0.3852040816326531,False
1,877,877,2008-09-18 01:43:00,0,0.322342557703077,0.61,False,0.6326530612244898,False
1,878,878,2008-09-18 02:01:00,0,0.39291750830787275,0.61,False,0.7525510204081632,False
1,879,879,2008-09-18 03:58:00,0,0.4544024605764105,0.61,False,0.7908163265306123,True
1,880,880,2008-09-18 03:58:00,0,0.8393398658390417,0.61,True,0.9821428571428571,True
1,881,881,2008-09-18 05:44:00,0,0.23944418954585,0.61,False,0.4872448979591837,False
1,882,882,2008-09-18 05:58:00,0,0.31526467895901855,0.61,False,0.6275510204081632,False
1,883,883,2008-09-18 08:04:00,0,0.3243882447501293,0.61,False,0.6352040816326531,False
1,884,884,2008-09-18 10:48:00,0,0.5397835878533064,0.61,False,0.8469387755102041,True
1,885,885,2008-09-18 13:48:00,0,0.12771877405570578,0.61,False,0.23979591836734693,False
1,886,886,2008-09-18 17:22:00,0,0.4167433241113182,0.61,False,0.7704081632653061,False
1,887,887,2008-09-18 18:12:00,0,0.2769815649815598,0.61,False,0.5510204081632653,False
1,888,888,2008-09-18 18:56:00,0,0.5077162224075218,0.61,False,0.8290816326530612,True
1,889,889,2008-09-18 21:12:00,0,0.3343820964320299,0.61,False,0.6607142857142857,False
1,890,890,2008-09-18 21:56:00,0,0.11029033905465889,0.61,False,0.21173469387755103,False
1,891,891,2008-09-18 23:00:00,0,0.1884810711940158,0.61,False,0.3852040816326531,False
1,892,892,2008-09-18 23:05:00,0,0.5616256734053647,0.61,False,0.8571428571428571,True
1,893,893,2008-09-18 23:44:00,0,0.6492897055854956,0.61,True,0.9132653061224489,True
1,894,894,2008-09-19 00:30:00,0,0.23940829287691517,0.61,False,0.4872448979591837,False
1,895,895,2008-09-19 01:57:00,0,0.34494436405064627,0.61,False,0.6760204081632653,False
1,896,896,2008-09-19 02:44:00,0,0.3018877232985414,0.61,False,0.6071428571428571,False
1,897,897,2008-09-19 04:42:00,0,0.7735623629058743,0.61,True,0.9693877551020408,True
1,898,898,2008-09-19 05:33:00,0,0.504464238683152,0.61,False,0.8290816326530612,True
1,899,899,2008-09-19 05:57:00,0,0.8719706347445416,0.61,True,0.9846938775510204,True
1,900,900,2008-09-19 06:01:00,0,0.20573192425797593,0.61,False,0.4260204081632653,False
1,901,901,2008-09-19 06:44:00,0,0.14524049830461527,0.61,False,0.2755102040816326,False
1,902,902,2008-09-19 07:14:00,0,0.5383557329710615,0.61,False,0.8443877551020408,True
1,903,903,2008-09-19 07:18:00,0,0.21839213594354304,0.61,False,0.44642857142857145,False
1,904,904,2008-09-19 08:08:00,0,0.2206662194236528,0.61,False,0.44642857142857145,False
1,905,905,2008-09-19 08:52:00,0,0.3299446791500362,0.61,False,0.6530612244897959,False
1,906,906,2008-09-19 09:12:00,0,0.8284449312102796,0.61,True,0.9821428571428571,True
1,907,907,2008-09-19 09:47:00,0,0.1510136166936804,0.61,False,0.29081632653061223,False
1,908,908,2008-09-19 10:45:00,0,0.5122430529540528,0.61,False,0.8341836734693877,True
1,909,909,2008-09-19 11:13:00,0,0.6033333657495594,0.61,False,0.8852040816326531,True
1,910,910,2008-09-19 11:54:00,0,0.6131632268246684,0.61,True,0.8903061224489796,True
1,911,911,2008-09-19 13:59:00,0,0.03294567168909359,0.61,False,0.02040816326530612,False
1,912,912,2008-09-19 15:31:00,0,0.14903129283331693,0.61,False,0.2857142857142857,False
1,913,913,2008-09-19 16:40:00,0,0.09435096076370625,0.61,False,0.17857142857142858,False
1,914,914,2008-09-19 16:58:00,1,0.2562960603124479,0.61,False,0.5127551020408163,False
1,915,915,2008-09-19 17:47:00,0,0.09043358834579882,0.61,False,0.1683673469387755,False
1,916,916,2008-09-19 18:11:00,0,0.15603920184509584,0.61,False,0.3086734693877551,False
1,917,917,2008-09-19 18:33:00,0,0.18831604968021115,0.61,False,0.3852040816326531,False
1,918,918,2008-09-19 19:18:00,0,0.05108105623020651,0.61,False,0.05357142857142857,False
1,919,919,2008-09-19 19:29:00,0,0.10517828137279774,0.61,False,0.20153061224489796,False
1,920,920,2008-09-19 20:05:00,0,0.2493204166180798,0.61,False,0.49744897959183676,False
1,921,921,2008-09-19 20:07:00,0,0.08813624988693182,0.61,False,0.16071428571428573,False
1,922,922,2008-09-19 20:10:00,0,0.4161227687893183,0.61,False,0.7704081632653061,False
1,923,923,2008-09-19 20:17:00,0,0.6327577042706111,0.61,True,0.9081632653061225,True
1,924,924,2008-09-19 20:19:00,1,0.7035412727083538,0.61,True,0.9362244897959183,True
1,925,925,2008-09-19 21:08:00,0,0.30453769062474034,0.61,False,0.6071428571428571,False
1,926,926,2008-09-19 21:09:00,1,0.371849177505909,0.61,False,0.7270408163265306,False
1,927,927,2008-09-19 21:13:00,0,0.16985180852469534,0.61,False,0.34183673469387754,False
1,928,928,2008-09-19 21:14:00,0,0.22413129021213873,0.61,False,0.4489795918367347,False
1,929,929,2008-09-19 21:59:00,1,0.22503064200306705,0.61,False,0.4489795918367347,False
1,930,930,2008-09-19 23:26:00,0,0.19091526802746703,0.61,False,0.39285714285714285,False
1,931,931,2008-09-19 23:33:00,0,0.10597339222904531,0.61,False,0.20408163265306123,False
1,932,932,2008-09-20 00:18:00,0,0.2459692008521244,0.61,False,0.4923469387755102,False
1,933,933,2008-09-20 00:33:00,0,0.8115377509883457,0.61,True,0.9821428571428571,True
1,934,934,2008-09-20 03:58:00,0,0.07988662881310088,0.61,False,0.1377551020408163,False
1,935,935,2008-09-20 04:13:00,0,0.2433144233175512,0.61,False,0.4897959183673469,False
1,936,936,2008-09-20 04:28:00,0,0.5294426099468972,0.61,False,0.8418367346938775,True
1,937,937,2008-09-20 05:22:00,0,0.0626388797227262,0.61,False,0.08163265306122448,False
1,938,938,2008-09-20 05:25:00,0,0.1990322929761607,0.61,False,0.41581632653061223,False
1,939,939,2008-09-20 05:34:00,0,0.1720227285167491,0.61,False,0.35459183673469385,False
2,940,940,2008-09-20 06:08:00,0,0.5230590244738534,0.8,False,0.7702127659574468,False
2,941,941,2008-09-20 07:21:00,0,0.3702171249714504,0.8,False,0.6042553191489362,False
2,942,942,2008-09-20 08:14:00,0,0.10253919129426373,0.8,False,0.1127659574468085,False
2,943,943,2008-09-20 10:51:00,0,0.40434127555189375,0.8,False,0.6574468085106383,False
2,944,944,2008-09-20 11:18:00,0,0.08528467611023062,0.8,False,0.08297872340425531,False
2,945,945,2008-09-20 12:20:00,0,0.11603891878587727,0.8,False,0.15319148936170213,False
2,946,946,2008-09-20 12:26:00,0,0.3599233243143516,0.8,False,0.5936170212765958,False
2,947,947,2008-09-20 12:27:00,0,0.1336443618509546,0.8,False,0.1851063829787234,False
2,948,948,2008-09-20 12:36:00,0,0.01938440678474532,0.8,False,0.002127659574468085,False
2,949,949,2008-09-20 12:57:00,0,0.2018507719426616,0.8,False,0.3170212765957447,False
2,950,950,2008-09-20 14:00:00,0,0.07676241318634919,0.8,False,0.06595744680851064,False
2,951,951,2008-09-20 14:06:00,0,0.299963109804358,0.8,False,0.5106382978723404,False
2,952,952,2008-09-20 14:42:00,0,0.30579094521453676,0.8,False,0.5191489361702127,False
2,953,953,2008-09-20 14:50:00,0,0.19900035565036897,0.8,False,0.31063829787234043,False
2,954,954,2008-09-20 14:53:00,0,0.061020028400760824,0.8,False,0.04893617021276596,False
2,955,955,2008-09-20 15:02:00,0,0.5399579076221004,0.8,False,0.7808510638297872,False
2,956,956,2008-09-20 15:19:00,0,0.717764526023414,0.8,False,0.9106382978723404,True
2,957,957,2008-09-20 15:37:00,0,0.28181287345536316,0.8,False,0.4787234042553192,False
2,958,958,2008-09-20 15:46:00,0,0.2000224302061429,0.8,False,0.31063829787234043,False
2,959,959,2008-09-20 16:43:00,0,0.11387641824453167,0.8,False,0.1425531914893617,False
2,960,960,2008-09-20 16:44:00,0,0.5728221231819425,0.8,False,0.8042553191489362,True
2,961,961,2008-09-20 17:26:00,0,0.03161148376171726,0.8,False,0.00851063829787234,False
2,962,962,2008-09-20 17:29:00,0,0.17734996389199145,0.8,False,0.2702127659574468,False
2,963,963,2008-09-20 18:03:00,0,0.17064546504839262,0.8,False,0.26170212765957446,False
2,964,964,2008-09-20 18:21:00,0,0.07338210512280377,0.8,False,0.06382978723404255,False
2,965,965,2008-09-20 18:56:00,0,0.4752321978339996,0.8,False,0.7085106382978723,False
2,966,966,2008-09-20 19:14:00,0,0.2679867687337537,0.8,False,0.4595744680851064,False
2,967,967,2008-09-20 19:21:00,0,0.10384005336918394,0.8,False,0.11702127659574468,False
2,968,968,2008-09-20 23:34:00,0,0.4594432344469207,0.8,False,0.6872340425531915,False
2,969,969,2008-09-21 00:48:00,0,0.16783054230036148,0.8,False,0.2574468085106383,False
2,970,970,2008-09-21 01:06:00,0,0.6956577733367894,0.8,False,0.8978723404255319,True
2,971,971,2008-09-21 02:07:00,0,0.05004484310244624,0.8,False,0.027659574468085105,False
2,972,972,2008-09-21 03:04:00,0,0.42899223774001455,0.8,False,0.674468085106383,False
2,973,973,2008-09-21 03:47:00,0,0.2606850907847153,0.8,False,0.44042553191489364,False
2,974,974,2008-09-21 04:17:00,0,0.15005709794720148,0.8,False,0.22127659574468084,False
2,975,975,2008-09-21 04:49:00,0,0.027486424151696123,0.8,False,0.00851063829787234,False
2,976,976,2008-09-21 07:30:00,0,0.23209994082197036,0.8,False,0.39148936170212767,False
2,977,977,2008-09-21 07:55:00,0,0.7770374666941228,0.8,False,0.9425531914893617,True
2,978,978,2008-09-21 08:22:00,0,0.14344753371778052,0.8,False,0.2148936170212766,False
2,979,979,2008-09-21 08:49:00,0,0.1480153003831912,0.8,False,0.22127659574468084,False
2,980,980,2008-09-21 09:16:00,0,0.09100249476047524,0.8,False,0.08936170212765958,False
2,981,981,2008-09-21 09:31:00,0,0.2729226891596176,0.8,False,0.4723404255319149,False
2,982,982,2008-09-21 10:07:00,0,0.3532325549841276,0.8,False,0.5872340425531914,False
2,983,983,2008-09-21 10:49:00,0,0.49402034232498204,0.8,False,0.7468085106382979,False
2,984,984,2008-09-21 11:33:00,0,0.3720391643922131,0.8,False,0.6042553191489362,False
2,985,985,2008-09-21 12:04:00,0,0.4638973872994077,0.8,False,0.6936170212765957,False
2,986,986,2008-09-21 14:30:00,0,0.3276455094818458,0.8,False,0.5404255319148936,False
2,987,987,2008-09-21 14:31:00,0,0.0955806115006029,0.8,False,0.10212765957446808,False
2,988,988,2008-09-21 14:33:00,0,0.059661123527670924,0.8,False,0.04893617021276596,False
2,989,989,2008-09-21 15:15:00,0,0.11672251960311195,0.8,False,0.1574468085106383,False
2,990,990,2008-09-21 15:26:00,0,0.33699116854424516,0.8,False,0.5553191489361702,False
2,991,991,2008-09-21 15:34:00,0,0.21197816635309913,0.8,False,0.33617021276595743,False
2,992,992,2008-09-21 16:43:00,0,0.2783438634952554,0.8,False,0.4765957446808511,False
2,993,993,2008-09-21 17:26:00,0,0.10472127646446887,0.8,False,0.11702127659574468,False
2,994,994,2008-09-21 17:30:00,0,0.06786410931503024,0.8,False,0.0574468085106383,False
2,995,995,2008-09-21 18:12:00,0,0.23130513106470013,0.8,False,0.3893617021276596,False
2,996,996,2008-09-21 19:19:00,0,0.19885737113742652,0.8,False,0.31063829787234043,False
2,997,997,2008-09-21 20:35:00,0,0.04728472001286061,0.8,False,0.023404255319148935,False
2,998,998,2008-09-21 21:54:00,0,0.17390212681399528,0.8,False,0.26382978723404255,False
2,999,999,2008-09-21 22:02:00,0,0.04261563436654293,0.8,False,0.02127659574468085,False
2,1000,1000,2008-09-22 00:12:00,0,0.11354155781169196,0.8,False,0.1425531914893617,False
2,1001,1001,2008-09-22 00:28:00,0,0.1549893028510325,0.8,False,0.23829787234042554,False
2,1002,1002,2008-09-22 00:47:00,0,0.2013449688448089,0.8,False,0.3170212765957447,False
2,1003,1003,2008-09-22 01:43:00,0,0.28233506003288716,0.8,False,0.4787234042553192,False
2,1004,1004,2008-09-22 03:51:00,0,0.06957870035614239,0.8,False,0.059574468085106386,False
2,1005,1005,2008-09-22 06:05:00,0,0.43574347510039896,0.8,False,0.674468085106383,False
2,1006,1006,2008-09-22 07:12:00,0,0.03288985677278684,0.8,False,0.00851063829787234,False
2,1007,1007,2008-09-22 10:43:00,0,0.6819434491364107,0.8,False,0.8851063829787233,True
2,1008,1008,2008-09-22 11:50:00,0,0.180463844429113,0.8,False,0.274468085106383,False
2,1009,1009,2008-09-22 12:11:00,0,0.15444534932304277,0.8,False,0.23829787234042554,False
2,1010,1010,2008-09-22 12:45:00,0,0.28864968104979105,0.8,False,0.48936170212765956,False
2,1011,1011,2008-09-22 13:03:00,0,0.1948940692939359,0.8,False,0.30638297872340425,False
2,1012,1012,2008-09-22 14:24:00,0,0.10495550410119057,0.8,False,0.11702127659574468,False
2,1013,1013,2008-09-22 14:27:00,0,0.4227559464355508,0.8,False,0.6723404255319149,False
2,1014,1014,2008-09-22 14:36:00,0,0.11038339090320298,0.8,False,0.13404255319148936,False
2,1015,1015,2008-09-22 16:25:00,0,0.14600022307966504,0.8,False,0.2148936170212766,False
2,1016,1016,2008-09-22 21:30:00,0,0.0676522380737057,0.8,False,0.0574468085106383,False
2,1017,1017,2008-09-22 21:31:00,0,0.28098674898683984,0.8,False,0.4787234042553192,False
2,1018,1018,2008-09-22 22:15:00,0,0.21898419856784446,0.8,False,0.34893617021276596,False
2,1019,1019,2008-09-22 22:17:00,0,0.3547920430496995,0.8,False,0.5893617021276596,False
2,1020,1020,2008-09-22 23:01:00,0,0.6446387326713572,0.8,False,0.8638297872340426,True
2,1021,1021,2008-09-22 23:10:00,0,0.33955025139259437,0.8,False,0.5595744680851064,False
2,1022,1022,2008-09-23 00:57:00,0,0.6389590133207607,0.8,False,0.8574468085106383,True
2,1023,1023,2008-09-23 06:44:00,0,0.6523314243110955,0.8,False,0.8659574468085106,True
2,1024,1024,2008-09-23 06:44:00,0,0.3417365759036219,0.8,False,0.5617021276595745,False
2,1025,1025,2008-09-23 06:52:00,0,0.6994845032956087,0.8,False,0.9042553191489362,True
2,1026,1026,2008-09-23 07:58:00,0,0.4745663758398514,0.8,False,0.7085106382978723,False
2,1027,1027,2008-09-23 08:11:00,0,0.27554768120550444,0.8,False,0.4723404255319149,False
2,1028,1028,2008-09-23 09:43:00,0,0.6580349431072636,0.8,False,0.8680851063829788,True
2,1029,1029,2008-09-23 11:14:00,1,0.16922927002604335,0.8,False,0.26170212765957446,False
2,1030,1030,2008-09-23 11:42:00,0,0.457901408580056,0.8,False,0.6872340425531915,False
2,1031,1031,2008-09-23 11:43:00,0,0.858149075161705,0.8,True,0.9765957446808511,True
2,1032,1032,2008-09-23 12:29:00,0,0.7259916798435267,0.8,False,0.9170212765957447,True
2,1033,1033,2008-09-23 12:31:00,0,0.39019967704876424,0.8,False,0.6297872340425532,False
2,1034,1034,2008-09-23 12:46:00,0,0.6124849967720272,0.8,False,0.8404255319148937,True
2,1035,1035,2008-09-23 13:37:00,0,0.5468712072580787,0.8,False,0.7851063829787234,False
2,1036,1036,2008-09-23 15:23:00,0,0.4836137308635241,0.8,False,0.7212765957446808,False
2,1037,1037,2008-09-23 15:33:00,0,0.3054193249814841,0.8,False,0.5191489361702127,False
2,1038,1038,2008-09-23 15:58:00,0,0.33591025081233217,0.8,False,0.5553191489361702,False
2,1039,1039,2008-09-23 18:10:00,0,0.47908728857076743,0.8,False,0.7148936170212766,False
2,1040,1040,2008-09-23 18:36:00,0,0.08422315932676062,0.8,False,0.07659574468085106,False
2,1041,1041,2008-09-23 18:56:00,0,0.6715155884142927,0.8,False,0.874468085106383,True
2,1042,1042,2008-09-23 20:18:00,0,0.3996351577743872,0.8,False,0.6425531914893617,False
2,1043,1043,2008-09-23 20:59:00,0,0.257809062365991,0.8,False,0.4340425531914894,False
2,1044,1044,2008-09-23 21:26:00,0,0.6864063416699351,0.8,False,0.8914893617021277,True
2,1045,1045,2008-09-23 22:25:00,0,0.6081991249614283,0.8,False,0.8361702127659575,True
2,1046,1046,2008-09-24 02:19:00,0,0.5052186544970604,0.8,False,0.7574468085106383,False
2,1047,1047,2008-09-24 02:44:00,0,0.32786518465107556,0.8,False,0.5404255319148936,False
2,1048,1048,2008-09-24 03:32:00,0,0.22926040562012015,0.8,False,0.38085106382978723,False
2,1049,1049,2008-09-24 03:40:00,0,0.5706800936233358,0.8,False,0.8042553191489362,True
2,1050,1050,2008-09-24 05:13:00,0,0.03779745819881019,0.8,False,0.01702127659574468,False
2,1051,1051,2008-09-24 05:22:00,0,0.699711081868125,0.8,False,0.9042553191489362,True
2,1052,1052,2008-09-24 06:13:00,0,0.5105804536065054,0.8,False,0.7617021276595745,False
2,1053,1053,2008-09-24 06:14:00,0,0.7280910704305319,0.8,False,0.9170212765957447,True
2,1054,1054,2008-09-24 07:23:00,0,0.539734964317117,0.8,False,0.7808510638297872,False
2,1055,1055,2008-09-24 10:10:00,0,0.7829494645108216,0.8,False,0.948936170212766,True
2,1056,1056,2008-09-24 10:53:00,0,0.5656953529777956,0.8,False,0.7957446808510639,False
2,1057,1057,2008-09-24 10:59:00,0,0.5052692349272094,0.8,False,0.7574468085106383,False
2,1058,1058,2008-09-24 11:47:00,0,0.3241502735535807,0.8,False,0.5382978723404256,False
2,1059,1059,2008-09-24 12:04:00,0,0.31695580592790223,0.8,False,0.5297872340425532,False
2,1060,1060,2008-09-24 12:35:00,0,0.5076989304543303,0.8,False,0.7595744680851064,False
2,1061,1061,2008-09-24 13:01:00,0,0.13325615500050894,0.8,False,0.1851063829787234,False
2,1062,1062,2008-09-24 15:05:00,1,0.16675245488316506,0.8,False,0.2531914893617021,False
2,1063,1063,2008-09-24 15:39:00,0,0.7902932936542818,0.8,False,0.951063829787234,True
2,1064,1064,2008-09-24 15:42:00,0,0.7600405412957841,0.8,False,0.9276595744680851,True
2,1065,1065,2008-09-24 15:43:00,0,0.7540221411351257,0.8,False,0.925531914893617,True
2,1066,1066,2008-09-24 16:26:00,0,0.4167074287169939,0.8,False,0.6680851063829787,False
2,1067,1067,2008-09-24 17:54:00,0,0.6581068269233598,0.8,False,0.8680851063829788,True
2,1068,1068,2008-09-24 18:05:00,0,0.5110822497753534,0.8,False,0.7617021276595745,False
2,1069,1069,2008-09-25 01:05:00,0,0.5051056195163647,0.8,False,0.7574468085106383,False
2,1070,1070,2008-09-25 02:03:00,0,0.6852632461828615,0.8,False,0.8893617021276595,True
2,1071,1071,2008-09-25 06:21:00,0,0.14592255104479765,0.8,False,0.2148936170212766,False
2,1072,1072,2008-09-25 07:12:00,0,0.21941144811535834,0.8,False,0.35319148936170214,False
2,1073,1073,2008-09-25 07:58:00,0,0.43970902730910183,0.8,False,0.674468085106383,False
2,1074,1074,2008-09-25 08:45:00,0,0.39084623858025885,0.8,False,0.6297872340425532,False
2,1075,1075,2008-09-25 09:31:00,0,0.4278085458318414,0.8,False,0.674468085106383,False
2,1076,1076,2008-09-25 10:23:00,0,0.3346954890832261,0.8,False,0.5553191489361702,False
2,1077,1077,2008-09-25 11:08:00,0,0.15354708504665712,0.8,False,0.23617021276595745,False
2,1078,1078,2008-09-25 11:09:00,0,0.37279955469043236,0.8,False,0.6063829787234043,False
2,1079,1079,2008-09-25 11:55:00,0,0.6763583013618004,0.8,False,0.8829787234042553,True
2,1080,1080,2008-09-25 13:42:00,0,0.3719600700185215,0.8,False,0.6042553191489362,False
2,1081,1081,2008-09-25 14:08:00,0,0.19582407138699737,0.8,False,0.30638297872340425,False
2,1082,1082,2008-09-25 14:28:00,0,0.46060580315073474,0.8,False,0.6914893617021277,False
2,1083,1083,2008-09-25 15:12:00,0,0.6064172208735679,0.8,False,0.8297872340425532,True
2,1084,1084,2008-09-25 15:40:00,0,0.5173118346032152,0.8,False,0.7638297872340426,False
2,1085,1085,2008-09-25 15:55:00,0,0.7520663798332582,0.8,False,0.9234042553191489,True
2,1086,1086,2008-09-25 16:44:00,0,0.5679135864108402,0.8,False,0.8,True
2,1087,1087,2008-09-25 17:28:00,0,0.5125547751216648,0.8,False,0.7617021276595745,False
2,1088,1088,2008-09-25 17:29:00,0,0.7352163436910885,0.8,False,0.9170212765957447,True
2,1089,1089,2008-09-25 19:49:00,0,0.2258614827926655,0.8,False,0.3659574468085106,False
2,1090,1090,2008-09-25 22:05:00,0,0.45305553076816946,0.8,False,0.6829787234042554,False
2,1091,1091,2008-09-25 23:04:00,0,0.7225916781896624,0.8,False,0.9127659574468086,True
2,1092,1092,2008-09-25 23:48:00,0,0.46152377882249723,0.8,False,0.6936170212765957,False
2,1093,1093,2008-09-26 00:19:00,0,0.4155029553142753,0.8,False,0.6680851063829787,False
2,1094,1094,2008-09-26 01:21:00,0,0.8891244578078406,0.8,True,0.9808510638297873,True
2,1095,1095,2008-09-26 02:26:00,0,0.46159780609102047,0.8,False,0.6936170212765957,False
3,1096,1096,2008-09-26 03:12:00,0,0.0407054337011764,0.25,False,0.04927007299270073,False
3,1097,1097,2008-09-26 03:29:00,0,0.06584398080151035,0.25,False,0.145985401459854,False
3,1098,1098,2008-09-26 04:14:00,0,0.015661035269951808,0.25,False,0.0,False
3,1099,1099,2008-09-26 05:32:00,0,0.01721279258796794,0.25,False,0.0,False
3,1100,1100,2008-09-26 11:08:00,0,0.028936839978429506,0.25,False,0.014598540145985401,False
3,1101,1101,2008-09-26 13:36:00,0,0.01145369496859878,0.25,False,0.0,False
3,1102,1102,2008-09-26 13:45:00,0,0.05537359647645522,0.25,False,0.09854014598540146,False
3,1103,1103,2008-09-26 14:20:00,0,0.043494233939164455,0.25,False,0.05474452554744526,False
3,1104,1104,2008-09-26 14:51:00,0,0.0312722570579017,0.25,False,0.020072992700729927,False
3,1105,1105,2008-09-26 15:06:00,0,0.12911111668876898,0.25,False,0.6459854014598541,True
3,1106,1106,2008-09-26 15:36:00,0,0.029525051085930395,0.25,False,0.016423357664233577,False
3,1107,1107,2008-09-26 15:49:00,0,0.04752097735414379,0.25,False,0.072992700729927,False
3,1108,1108,2008-09-26 16:31:00,0,0.019988965737723276,0.25,False,0.0,False
3,1109,1109,2008-09-26 17:59:00,0,0.05113091286710883,0.25,False,0.08941605839416059,False
3,1110,1110,2008-09-26 18:54:00,0,0.06328371648583334,0.25,False,0.13686131386861314,False
3,1111,1111,2008-09-26 19:38:00,0,0.056930654171146754,0.25,False,0.10218978102189781,False
3,1112,1112,2008-09-26 19:45:00,0,0.05511248985951448,0.25,False,0.09671532846715329,False
3,1113,1113,2008-09-26 19:55:00,0,0.043297688126244356,0.25,False,0.05474452554744526,False
3,1114,1114,2008-09-26 20:23:00,0,0.04832084033309689,0.25,False,0.07846715328467153,False
3,1115,1115,2008-09-26 20:31:00,0,0.07075546281159523,0.25,False,0.19343065693430658,False
3,1116,1116,2008-09-27 00:16:00,0,0.01957051744371083,0.25,False,0.0,False
3,1117,1117,2008-09-27 00:17:00,0,0.08731621374566192,0.25,False,0.32116788321167883,True
3,1118,1118,2008-09-27 01:29:00,0,0.005475186114810642,0.25,False,0.0,False
3,1119,1119,2008-09-27 03:53:00,0,0.04906169764685176,0.25,False,0.08211678832116788,False
3,1120,1120,2008-09-27 10:10:00,0,0.03781106150385042,0.25,False,0.0364963503649635,False
3,1121,1121,2008-09-27 10:13:00,0,0.06573019862315951,0.25,False,0.145985401459854,False
3,1122,1122,2008-09-27 11:04:00,0,0.04831467007867562,0.25,False,0.07846715328467153,False
3,1123,1123,2008-09-27 11:45:00,0,0.07594877243877401,0.25,False,0.22445255474452555,True
3,1124,1124,2008-09-27 11:54:00,0,0.0485692026193169,0.25,False,0.07846715328467153,False
3,1125,1125,2008-09-27 12:26:00,0,0.058164660267616575,0.25,False,0.11313868613138686,False
3,1126,1126,2008-09-27 12:28:00,0,0.020825757681131523,0.25,False,0.0018248175182481751,False
3,1127,1127,2008-09-27 12:36:00,0,0.03399569456217377,0.25,False,0.023722627737226276,False
3,1128,1128,2008-09-27 13:14:00,0,0.020686251508079692,0.25,False,0.0018248175182481751,False
3,1129,1129,2008-09-27 13:19:00,0,0.014071024074628126,0.25,False,0.0,False
3,1130,1130,2008-09-27 14:01:00,0,0.05841730183650373,0.25,False,0.11313868613138686,False
3,1131,1131,2008-09-27 14:05:00,0,0.03852875504430806,0.25,False,0.043795620437956206,False
3,1132,1132,2008-09-27 14:46:00,0,0.07144903552184835,0.25,False,0.19708029197080293,True
3,1133,1133,2008-09-27 15:09:00,0,0.06486655579505424,0.25,False,0.14416058394160583,False
3,1134,1134,2008-09-27 15:30:00,0,0.053993123307016416,0.25,False,0.0948905109489051,False
3,1135,1135,2008-09-27 16:13:00,0,0.06259593120852634,0.25,False,0.13503649635036497,False
3,1136,1136,2008-09-27 17:26:00,0,0.025146342380594083,0.25,False,0.005474452554744526,False
3,1137,1137,2008-09-27 18:14:00,0,0.045660998028713505,0.25,False,0.060218978102189784,False
3,1138,1138,2008-09-27 19:16:00,0,0.07750251893497057,0.25,False,0.22992700729927007,True
3,1139,1139,2008-09-27 20:46:00,0,0.12013858409424685,0.25,False,0.5875912408759124,True
3,1140,1140,2008-09-27 21:45:00,0,0.03171382095550632,0.25,False,0.023722627737226276,False
3,1141,1141,2008-09-28 00:51:00,0,0.026706768270591805,0.25,False,0.0072992700729927005,False
3,1142,1142,2008-09-28 01:22:00,0,0.03276306509039549,0.25,False,0.023722627737226276,False
3,1143,1143,2008-09-28 03:55:00,0,0.02496674618750151,0.25,False,0.005474452554744526,False
3,1144,1144,2008-09-28 04:45:00,1,0.09192940895238277,0.25,False,0.3759124087591241,True
3,1145,1145,2008-09-28 05:31:00,0,0.033425333739752476,0.25,False,0.023722627737226276,False
3,1146,1146,2008-09-28 06:22:00,0,0.04774899637097867,0.25,False,0.072992700729927,False
3,1147,1147,2008-09-28 07:38:00,0,0.04292469357346645,0.25,False,0.05291970802919708,False
3,1148,1148,2008-09-28 07:52:00,0,0.02018358879510881,0.25,False,0.0018248175182481751,False
3,1149,1149,2008-09-28 08:40:00,0,0.05052148173766842,0.25,False,0.08759124087591241,False
3,1150,1150,2008-09-28 08:41:00,0,0.03693600152289876,0.25,False,0.03467153284671533,False
3,1151,1151,2008-09-28 09:50:00,1,0.0671474535225437,0.25,False,0.1551094890510949,False
3,1152,1152,2008-09-28 17:05:00,0,0.03976487226313708,0.25,False,0.043795620437956206,False
3,1153,1153,2008-09-28 17:06:00,0,0.06902775104788521,0.25,False,0.177007299270073,False
3,1154,1154,2008-09-28 17:49:00,0,0.031605680916517366,0.25,False,0.021897810218978103,False
3,1155,1155,2008-09-28 17:55:00,0,0.05179477666486239,0.25,False,0.08941605839416059,False
3,1156,1156,2008-09-28 18:34:00,0,0.13430707646075057,0.25,False,0.6824817518248175,True
3,1157,1157,2008-09-28 18:43:00,0,0.06337678954693185,0.25,False,0.13686131386861314,False
3,1158,1158,2008-09-28 19:18:00,0,0.024691450538326325,0.25,False,0.0036496350364963502,False
3,1159,1159,2008-09-28 19:29:00,0,0.023601517819938623,0.25,False,0.0036496350364963502,False
3,1160,1160,2008-09-28 20:02:00,0,0.030632063153439873,0.25,False,0.01824817518248175,False
3,1161,1161,2008-09-28 20:42:00,0,0.06631625435221285,0.25,False,0.1478102189781022,False
3,1162,1162,2008-09-28 21:08:00,0,0.057058537680459175,0.25,False,0.10218978102189781,False
3,1163,1163,2008-09-28 21:27:00,0,0.13013144850105174,0.25,False,0.6532846715328468,True
3,1164,1164,2008-09-28 22:44:00,0,0.01734982414191584,0.25,False,0.0,False
3,1165,1165,2008-09-28 23:54:00,0,0.04897918491963273,0.25,False,0.08211678832116788,False
3,1166,1166,2008-09-29 02:06:00,0,0.05956341783050765,0.25,False,0.11861313868613138,False
3,1167,1167,2008-09-29 03:07:00,0,0.07075932868099756,0.25,False,0.19343065693430658,False
3,1168,1168,2008-09-29 03:50:00,0,0.05589291557408079,0.25,False,0.10036496350364964,False
3,1169,1169,2008-09-29 04:18:00,0,0.013810366768060606,0.25,False,0.0,False
3,1170,1170,2008-09-29 04:47:00,0,0.04344956958521391,0.25,False,0.05474452554744526,False
3,1171,1171,2008-09-29 05:32:00,0,0.08251710375103666,0.25,False,0.27007299270072993,True
3,1172,1172,2008-09-29 07:53:00,0,0.03636230485099354,0.25,False,0.032846715328467155,False
3,1173,1173,2008-09-29 09:15:00,0,0.06302520774913024,0.25,False,0.13686131386861314,False
3,1174,1174,2008-09-29 11:13:00,0,0.13948916550697463,0.25,False,0.7208029197080292,True
3,1175,1175,2008-09-29 11:53:00,0,0.06181949988258731,0.25,False,0.12773722627737227,False
3,1176,1176,2008-09-29 12:25:00,0,0.044281449908477516,0.25,False,0.058394160583941604,False
3,1177,1177,2008-09-29 14:03:00,0,0.07430475729300239,0.25,False,0.21350364963503649,True
3,1178,1178,2008-09-29 14:04:00,0,0.082033104810899,0.25,False,0.27007299270072993,True
3,1179,1179,2008-09-29 14:08:00,0,0.045438246189066965,0.25,False,0.060218978102189784,False
3,1180,1180,2008-09-29 15:09:00,0,0.03551624892334104,0.25,False,0.03102189781021898,False
3,1181,1181,2008-09-29 15:16:00,0,0.014318020069622829,0.25,False,0.0,False
3,1182,1182,2008-09-29 16:27:00,0,0.03626858618888797,0.25,False,0.032846715328467155,False
3,1183,1183,2008-09-29 17:21:00,0,0.03332297420599114,0.25,False,0.023722627737226276,False
3,1184,1184,2008-09-29 21:26:00,0,0.041910582722217475,0.25,False,0.051094890510948905,False
3,1185,1185,2008-09-29 21:48:00,1,0.008563184565189437,0.25,False,0.0,False
3,1186,1186,2008-09-29 22:13:00,0,0.04839610905737771,0.25,False,0.07846715328467153,False
3,1187,1187,2008-09-30 01:33:00,0,0.06025994844905047,0.25,False,0.12226277372262774,False
3,1188,1188,2008-09-30 01:36:00,0,0.05051452715976976,0.25,False,0.08759124087591241,False
3,1189,1189,2008-09-30 02:44:00,1,0.0327899479821867,0.25,False,0.023722627737226276,False
3,1190,1190,2008-09-30 04:01:00,0,0.07168326319567053,0.25,False,0.19708029197080293,True
3,1191,1191,2008-09-30 04:42:00,0,0.06890757346288572,0.25,False,0.177007299270073,False
3,1192,1192,2008-09-30 08:44:00,0,0.16211558473014354,0.25,False,0.8284671532846716,True
3,1193,1193,2008-09-30 12:31:00,0,0.02738187898687267,0.25,False,0.009124087591240875,False
3,1194,1194,2008-09-30 13:29:00,0,0.008618532130349351,0.25,False,0.0,False
3,1195,1195,2008-09-30 14:20:00,0,0.07845090468483497,0.25,False,0.23905109489051096,True
3,1196,1196,2008-09-30 14:36:00,0,0.03504996656747094,0.25,False,0.029197080291970802,False
3,1197,1197,2008-09-30 15:16:00,0,0.01895016601912979,0.25,False,0.0,False
3,1198,1198,2008-09-30 15:26:00,0,0.02509152898119999,0.25,False,0.005474452554744526,False
3,1199,1199,2008-09-30 16:13:00,0,0.018217760783040493,0.25,False,0.0,False
3,1200,1200,2008-09-30 16:50:00,0,0.03410373103279933,0.25,False,0.023722627737226276,False
3,1201,1201,2008-09-30 17:27:00,0,0.030289940745675672,0.25,False,0.01824817518248175,False
3,1202,1202,2008-09-30 19:17:00,0,0.06500566758621087,0.25,False,0.145985401459854,False
3,1203,1203,2008-09-30 19:17:00,0,0.05168992238643114,0.25,False,0.08941605839416059,False
3,1204,1204,2008-09-30 21:39:00,0,0.024108707575767573,0.25,False,0.0036496350364963502,False
3,1205,1205,2008-09-30 21:42:00,0,0.10454119177252225,0.25,False,0.4726277372262774,True
3,1206,1206,2008-09-30 23:34:00,0,0.031478426586957216,0.25,False,0.020072992700729927,False
3,1207,1207,2008-09-30 23:58:00,0,0.07350673732937948,0.25,False,0.20985401459854014,True
3,1208,1208,2008-10-01 00:20:00,0,0.029607809040488514,0.25,False,0.016423357664233577,False
3,1209,1209,2008-10-01 01:11:00,0,0.06514301132006703,0.25,False,0.145985401459854,False
3,1210,1210,2008-10-01 02:53:00,0,0.04900026826744861,0.25,False,0.08211678832116788,False
3,1211,1211,2008-10-01 05:56:00,1,0.0032795907795907797,0.25,False,0.0,False
3,1212,1212,2008-10-01 07:19:00,0,0.02472526288705408,0.25,False,0.0036496350364963502,False
3,1213,1213,2008-10-01 07:28:00,0,0.026420443184595903,0.25,False,0.0072992700729927005,False
3,1214,1214,2008-10-01 08:15:00,0,0.07291302649138846,0.25,False,0.20802919708029197,True
3,1215,1215,2008-10-01 09:15:00,0,0.02374782767460229,0.25,False,0.0036496350364963502,False
3,1216,1216,2008-10-01 09:16:00,0,0.056663420220636786,0.25,False,0.10218978102189781,False
3,1217,1217,2008-10-01 14:22:00,0,0.15617027171628722,0.25,False,0.801094890510949,True
3,1218,1218,2008-10-01 15:16:00,0,0.06414751103439596,0.25,False,0.14416058394160583,False
3,1219,1219,2008-10-01 16:43:00,0,0.02943315919618778,0.25,False,0.016423357664233577,False
3,1220,1220,2008-10-01 19:57:00,0,0.0355844505264566,0.25,False,0.03102189781021898,False
3,1221,1221,2008-10-01 21:15:00,0,0.046372089730607656,0.25,False,0.06204379562043796,False
3,1222,1222,2008-10-01 21:50:00,0,0.030139487926647432,0.25,False,0.01824817518248175,False
3,1223,1223,2008-10-01 22:47:00,0,0.12234114162628043,0.25,False,0.5985401459854015,True
3,1224,1224,2008-10-01 23:34:00,0,0.03177561232706169,0.25,False,0.023722627737226276,False
3,1225,1225,2008-10-02 00:21:00,0,0.09925075332440243,0.25,False,0.43613138686131386,True
3,1226,1226,2008-10-02 00:22:00,0,0.11599954343043666,0.25,False,0.5620437956204379,True
3,1227,1227,2008-10-02 03:17:00,1,0.05660954805507766,0.25,False,0.10036496350364964,False
3,1228,1228,2008-10-02 03:27:00,0,0.1048030571458789,0.25,False,0.4781021897810219,True
3,1229,1229,2008-10-02 04:11:00,0,0.06297420438480184,0.25,False,0.13686131386861314,False
3,1230,1230,2008-10-02 04:23:00,0,0.11233237312991141,0.25,False,0.5346715328467153,True
3,1231,1231,2008-10-02 04:24:00,0,0.05300526664017097,0.25,False,0.09124087591240876,False
3,1232,1232,2008-10-02 06:49:00,0,0.04914867133063339,0.25,False,0.08211678832116788,False
3,1233,1233,2008-10-02 07:35:00,0,0.07058904404101865,0.25,False,0.1897810218978102,False
3,1234,1234,2008-10-02 07:58:00,0,0.046981589739385494,0.25,False,0.07116788321167883,False
3,1235,1235,2008-10-02 08:24:00,0,0.04652405360668293,0.25,False,0.06386861313868614,False
3,1236,1236,2008-10-02 08:52:00,0,0.07631990819920617,0.25,False,0.22627737226277372,True
3,1237,1237,2008-10-02 08:57:00,0,0.03572641982851483,0.25,False,0.03102189781021898,False
3,1238,1238,2008-10-02 09:10:00,1,0.0560584525918514,0.25,False,0.10036496350364964,False
3,1239,1239,2008-10-02 09:42:00,0,0.04523846679731107,0.25,False,0.060218978102189784,False
3,1240,1240,2008-10-02 10:03:00,0,0.14430034848519738,0.25,False,0.7554744525547445,True
3,1241,1241,2008-10-02 14:07:00,1,0.11254635030659749,0.25,False,0.5401459854014599,True
3,1242,1242,2008-10-02 14:10:00,1,0.09925396259960095,0.25,False,0.43613138686131386,True
3,1243,1243,2008-10-02 14:54:00,0,0.05437731608692121,0.25,False,0.0948905109489051,False
3,1244,1244,2008-10-02 15:10:00,0,0.09275667562937912,0.25,False,0.38503649635036497,True
3,1245,1245,2008-10-02 15:44:00,0,0.037096652998454695,0.25,False,0.0364963503649635,False
3,1246,1246,2008-10-02 15:58:00,0,0.05193456369316621,0.25,False,0.08941605839416059,False
3,1247,1247,2008-10-02 16:32:00,0,0.040694961850013305,0.25,False,0.04927007299270073,False
3,1248,1248,2008-10-02 16:58:00,0,0.03054691859967751,0.25,False,0.01824817518248175,False
3,1249,1249,2008-10-02 17:00:00,0,0.046667797953624524,0.25,False,0.06751824817518248,False
3,1250,1250,2008-10-02 17:19:00,0,0.07914864747079829,0.25,False,0.25,True
3,1251,1251,2008-10-02 19:21:00,0,0.12036646596151336,0.25,False,0.5875912408759124,True
3,1252,1252,2008-10-02 19:25:00,0,0.04661240664202908,0.25,False,0.06569343065693431,False
4,1253,1253,2008-10-02 20:54:00,0,0.651983989760739,0.8200000000000001,False,0.8835725677830941,True
4,1254,1254,2008-10-02 21:32:00,1,0.6999566160352049,0.8200000000000001,False,0.9186602870813397,True
4,1255,1255,2008-10-02 21:33:00,0,0.5209080697478808,0.8200000000000001,False,0.7799043062200957,False
4,1256,1256,2008-10-02 22:23:00,0,0.5707010952050608,0.8200000000000001,False,0.8213716108452951,True
4,1257,1257,2008-10-02 22:33:00,0,0.8027083542929757,0.8200000000000001,False,0.9633173843700159,True
4,1258,1258,2008-10-02 23:32:00,0,0.2614810926469651,0.8200000000000001,False,0.36363636363636365,False
4,1259,1259,2008-10-02 23:32:00,0,0.23316363776276924,0.8200000000000001,False,0.3094098883572568,False
4,1260,1260,2008-10-03 00:24:00,0,0.43904001762428824,0.8200000000000001,False,0.6762360446570973,False
4,1261,1261,2008-10-03 00:55:00,0,0.6803043781518957,0.8200000000000001,False,0.9027113237639554,True
4,1262,1262,2008-10-03 02:41:00,0,0.38154138340492966,0.8200000000000001,False,0.5901116427432217,False
4,1263,1263,2008-10-03 03:52:00,0,0.7053802928356521,0.8200000000000001,False,0.9250398724082934,True
4,1264,1264,2008-10-03 03:56:00,0,0.3833968346508754,0.8200000000000001,False,0.5917065390749602,False
4,1265,1265,2008-10-03 04:49:00,0,0.7152169271582998,0.8200000000000001,False,0.9298245614035088,True
4,1266,1266,2008-10-03 05:01:00,0,0.7089572403974351,0.8200000000000001,False,0.9250398724082934,True
4,1267,1267,2008-10-03 05:45:00,0,0.1560724943623958,0.8200000000000001,False,0.18660287081339713,False
4,1268,1268,2008-10-03 06:15:00,0,0.44863936934153215,0.8200000000000001,False,0.682615629984051,False
4,1269,1269,2008-10-03 08:35:00,0,0.7142571009538151,0.8200000000000001,False,0.9298245614035088,True
4,1270,1270,2008-10-03 09:30:00,0,0.329456910256286,0.8200000000000001,False,0.5055821371610846,False
4,1271,1271,2008-10-03 11:40:00,0,0.25545107527363753,0.8200000000000001,False,0.3524720893141946,False
4,1272,1272,2008-10-03 12:31:00,0,0.39806872994386655,0.8200000000000001,False,0.6140350877192983,False
4,1273,1273,2008-10-03 18:45:00,0,0.733716970322562,0.8200000000000001,False,0.9409888357256778,True
4,1274,1274,2008-10-03 19:23:00,0,0.62366426691993,0.8200000000000001,False,0.8724082934609251,True
4,1275,1275,2008-10-03 19:23:00,0,0.6448768083347565,0.8200000000000001,False,0.8819776714513556,True
4,1276,1276,2008-10-03 20:11:00,0,0.6556787939409902,0.8200000000000001,False,0.886762360446571,True
4,1277,1277,2008-10-03 20:26:00,0,0.5321692770813208,0.8200000000000001,False,0.7974481658692185,False
4,1278,1278,2008-10-03 20:35:00,0,0.6353997423453008,0.8200000000000001,False,0.8771929824561403,True
4,1279,1279,2008-10-03 20:46:00,0,0.26484436658159705,0.8200000000000001,False,0.37161084529505584,False
4,1280,1280,2008-10-03 21:15:00,0,0.319437963593175,0.8200000000000001,False,0.48484848484848486,False
4,1281,1281,2008-10-03 21:52:00,0,0.5982370958329961,0.8200000000000001,False,0.84688995215311,True
4,1282,1282,2008-10-03 22:08:00,0,0.24052023762864025,0.8200000000000001,False,0.32216905901116427,False
4,1283,1283,2008-10-03 22:53:00,0,0.6125656242905492,0.8200000000000001,False,0.861244019138756,True
4,1284,1284,2008-10-03 23:46:00,0,0.34776245684522744,0.8200000000000001,False,0.5422647527910686,False
4,1285,1285,2008-10-04 00:58:00,0,0.5201679579348769,0.8200000000000001,False,0.7799043062200957,False
4,1286,1286,2008-10-04 01:49:00,0,0.23439437592593812,0.8200000000000001,False,0.31100478468899523,False
4,1287,1287,2008-10-04 02:36:00,0,0.5470310763789961,0.8200000000000001,False,0.8086124401913876,True
4,1288,1288,2008-10-04 03:53:00,0,0.26617508412803587,0.8200000000000001,False,0.37320574162679426,False
4,1289,1289,2008-10-04 04:12:00,0,0.5563654255117458,0.8200000000000001,False,0.8133971291866029,True
4,1290,1290,2008-10-04 04:45:00,0,0.3082521455211871,0.8200000000000001,False,0.45933014354066987,False
4,1291,1291,2008-10-04 09:29:00,0,0.2536448459718131,0.8200000000000001,False,0.34609250398724084,False
4,1292,1292,2008-10-04 15:16:00,0,0.91231551451178,0.8200000000000001,True,0.9872408293460925,True
4,1293,1293,2008-10-04 16:58:00,0,0.2895040842845015,0.8200000000000001,False,0.41626794258373206,False
4,1294,1294,2008-10-04 18:15:00,0,0.22995583823782245,0.8200000000000001,False,0.3014354066985646,False
4,1295,1295,2008-10-04 18:25:00,0,0.47224050762680253,0.8200000000000001,False,0.7256778309409888,False
4,1296,1296,2008-10-04 18:59:00,0,0.46902747692077895,0.8200000000000001,False,0.722488038277512,False
4,1297,1297,2008-10-04 19:12:00,0,0.5510635201296883,0.8200000000000001,False,0.810207336523126,True
4,1298,1298,2008-10-04 19:47:00,0,0.5110890932535636,0.8200000000000001,False,0.7703349282296651,False
4,1299,1299,2008-10-04 19:54:00,0,0.46409403457206716,0.8200000000000001,False,0.7129186602870813,False
4,1300,1300,2008-10-04 20:39:00,0,0.43012844204275785,0.8200000000000001,False,0.6634768740031898,False
4,1301,1301,2008-10-04 22:06:00,0,0.4345694685088564,0.8200000000000001,False,0.6666666666666666,False
4,1302,1302,2008-10-04 23:18:00,1,0.23825216129776822,0.8200000000000001,False,0.3157894736842105,False
4,1303,1303,2008-10-05 00:33:00,1,0.5458233317701151,0.8200000000000001,False,0.8054226475279107,True
4,1304,1304,2008-10-05 00:33:00,0,0.49924270051138847,0.8200000000000001,False,0.7559808612440191,False
4,1305,1305,2008-10-05 01:35:00,0,0.3055938024803806,0.8200000000000001,False,0.4513556618819777,False
4,1306,1306,2008-10-05 04:01:00,0,0.478344820124983,0.8200000000000001,False,0.7368421052631579,False
4,1307,1307,2008-10-05 04:20:00,0,0.5243967740148063,0.8200000000000001,False,0.784688995215311,False
4,1308,1308,2008-10-05 04:48:00,0,0.23878352251981755,0.8200000000000001,False,0.3189792663476874,False
4,1309,1309,2008-10-05 05:31:00,0,0.2609233002670611,0.8200000000000001,False,0.3620414673046252,False
4,1310,1310,2008-10-05 05:53:00,0,0.6080623511614455,0.8200000000000001,False,0.8580542264752791,True
4,1311,1311,2008-10-05 06:15:00,0,0.5879014730025286,0.8200000000000001,False,0.835725677830941,True
4,1312,1312,2008-10-05 08:02:00,0,0.37847492136157,0.8200000000000001,False,0.583732057416268,False
4,1313,1313,2008-10-05 08:40:00,0,0.3066658575874901,0.8200000000000001,False,0.45773524720893144,False
4,1314,1314,2008-10-05 09:04:00,0,0.3565666097301558,0.8200000000000001,False,0.5534290271132376,False
4,1315,1315,2008-10-05 09:47:00,0,0.4167127653231433,0.8200000000000001,False,0.6395534290271132,False
4,1316,1316,2008-10-05 10:00:00,0,0.34564156403992646,0.8200000000000001,False,0.5406698564593302,False
4,1317,1317,2008-10-05 10:43:00,0,0.409758490158828,0.8200000000000001,False,0.6283891547049442,False
4,1318,1318,2008-10-05 11:05:00,0,0.18857532855238412,0.8200000000000001,False,0.23444976076555024,False
4,1319,1319,2008-10-05 11:30:00,0,0.41049333249062786,0.8200000000000001,False,0.6299840510366826,False
4,1320,1320,2008-10-05 12:03:00,0,0.519830855053854,0.8200000000000001,False,0.7799043062200957,False
4,1321,1321,2008-10-05 12:17:00,0,0.3626283709814275,0.8200000000000001,False,0.5598086124401914,False
4,1322,1322,2008-10-05 13:49:00,0,0.41549129566386467,0.8200000000000001,False,0.6347687400318979,False
4,1323,1323,2008-10-05 14:34:00,0,0.35893634433822774,0.8200000000000001,False,0.5550239234449761,False
4,1324,1324,2008-10-05 15:30:00,1,0.15035210520438075,0.8200000000000001,False,0.1722488038277512,False
4,1325,1325,2008-10-05 15:35:00,1,0.44571323383310013,0.8200000000000001,False,0.6794258373205742,False
4,1326,1326,2008-10-05 16:15:00,0,0.539448908766547,0.8200000000000001,False,0.8006379585326954,False
4,1327,1327,2008-10-05 16:37:00,1,0.6463591038287811,0.8200000000000001,False,0.8819776714513556,True
4,1328,1328,2008-10-05 16:49:00,1,0.5386307180957606,0.8200000000000001,False,0.8006379585326954,False
4,1329,1329,2008-10-05 18:46:00,1,0.4441538603228581,0.8200000000000001,False,0.6762360446570973,False
4,1330,1330,2008-10-05 18:59:00,0,0.27198446303665286,0.8200000000000001,False,0.3827751196172249,False
4,1331,1331,2008-10-05 19:45:00,0,0.3132624087091469,0.8200000000000001,False,0.47208931419457734,False
4,1332,1332,2008-10-05 20:12:00,0,0.2765644020496698,0.8200000000000001,False,0.39074960127591707,False
4,1333,1333,2008-10-05 20:30:00,0,0.5919734412618797,0.8200000000000001,False,0.8437001594896332,True
4,1334,1334,2008-10-05 22:13:00,0,0.2554132614686605,0.8200000000000001,False,0.3524720893141946,False
4,1335,1335,2008-10-06 00:41:00,0,0.2346211230853129,0.8200000000000001,False,0.31100478468899523,False
4,1336,1336,2008-10-06 01:25:00,0,0.7046564512366722,0.8200000000000001,False,0.9250398724082934,True
4,1337,1337,2008-10-06 01:27:00,0,0.453397122888394,0.8200000000000001,False,0.6985645933014354,False
4,1338,1338,2008-10-06 01:30:00,0,0.18129335260147428,0.8200000000000001,False,0.22328548644338117,False
4,1339,1339,2008-10-06 02:44:00,0,0.39439314573011597,0.8200000000000001,False,0.6076555023923444,False
4,1340,1340,2008-10-06 02:49:00,0,0.5250876936493236,0.8200000000000001,False,0.784688995215311,False
4,1341,1341,2008-10-06 03:31:00,0,0.2723425747498955,0.8200000000000001,False,0.3827751196172249,False
4,1342,1342,2008-10-06 03:50:00,1,0.2854733926556406,0.8200000000000001,False,0.4082934609250399,False
4,1343,1343,2008-10-06 03:57:00,1,0.44922464087062647,0.8200000000000001,False,0.6842105263157895,False
4,1344,1344,2008-10-06 04:26:00,0,0.6840533752103918,0.8200000000000001,False,0.9059011164274322,True
4,1345,1345,2008-10-06 05:21:00,0,0.2871943111301454,0.8200000000000001,False,0.4098883572567783,False
4,1346,1346,2008-10-06 05:24:00,0,0.5916763908697371,0.8200000000000001,False,0.8437001594896332,True
4,1347,1347,2008-10-06 06:11:00,0,0.5148583966519891,0.8200000000000001,False,0.7767145135566188,False
4,1348,1348,2008-10-06 06:26:00,0,0.6969693323367775,0.8200000000000001,False,0.9170653907496013,True
4,1349,1349,2008-10-06 06:49:00,0,0.3395250615388884,0.8200000000000001,False,0.529505582137161,False
4,1350,1350,2008-10-06 07:12:00,0,0.28397517372804315,0.8200000000000001,False,0.40669856459330145,False
4,1351,1351,2008-10-06 07:17:00,0,0.7465448135911934,0.8200000000000001,False,0.9473684210526315,True
4,1352,1352,2008-10-06 07:35:00,0,0.4277669178646497,0.8200000000000001,False,0.6634768740031898,False
4,1353,1353,2008-10-06 07:38:00,0,0.6997163547409142,0.8200000000000001,False,0.9186602870813397,True
4,1354,1354,2008-10-06 08:24:00,0,0.27822635879700097,0.8200000000000001,False,0.39553429027113235,False
4,1355,1355,2008-10-06 08:57:00,0,0.1687701915339423,0.8200000000000001,False,0.20095693779904306,False
4,1356,1356,2008-10-06 09:11:00,0,0.6787367874424015,0.8200000000000001,False,0.9011164274322169,True
4,1357,1357,2008-10-06 09:57:00,0,0.5544242453204852,0.8200000000000001,False,0.810207336523126,True
4,1358,1358,2008-10-06 10:07:00,0,0.3048058926110259,0.8200000000000001,False,0.4481658692185008,False
4,1359,1359,2008-10-06 11:51:00,0,0.3705008032014452,0.8200000000000001,False,0.5725677830940988,False
4,1360,1360,2008-10-06 12:39:00,0,0.33423742838398596,0.8200000000000001,False,0.518341307814992,False
4,1361,1361,2008-10-06 12:42:00,0,0.2506913020457459,0.8200000000000001,False,0.3349282296650718,False
4,1362,1362,2008-10-06 13:08:00,0,0.5795396679805622,0.8200000000000001,False,0.8293460925039873,True
4,1363,1363,2008-10-06 13:38:00,1,0.7495013829975881,0.8200000000000001,False,0.9505582137161085,True
4,1364,1364,2008-10-06 13:55:00,1,0.5057635541455958,0.8200000000000001,False,0.7639553429027113,False
4,1365,1365,2008-10-06 15:00:00,1,0.457822519125459,0.8200000000000001,False,0.7001594896331739,False
4,1366,1366,2008-10-06 15:01:00,0,0.4906443129645177,0.8200000000000001,False,0.748006379585327,False
4,1367,1367,2008-10-06 15:52:00,0,0.6282103501962312,0.8200000000000001,False,0.8740031897926634,True
4,1368,1368,2008-10-06 16:42:00,0,0.5618514014006032,0.8200000000000001,False,0.8165869218500797,True
4,1369,1369,2008-10-06 16:50:00,0,0.3730818548499451,0.8200000000000001,False,0.5773524720893142,False
4,1370,1370,2008-10-06 17:26:00,0,0.2985153003798012,0.8200000000000001,False,0.43381180223285487,False
4,1371,1371,2008-10-06 17:26:00,0,0.48965461700390683,0.8200000000000001,False,0.7464114832535885,False
4,1372,1372,2008-10-06 17:35:00,0,0.3929813479044924,0.8200000000000001,False,0.6044657097288676,False
4,1373,1373,2008-10-06 18:54:00,0,0.3580645197223917,0.8200000000000001,False,0.5550239234449761,False
4,1374,1374,2008-10-06 18:55:00,0,0.47130965466575314,0.8200000000000001,False,0.7240829346092504,False
4,1375,1375,2008-10-06 19:42:00,0,0.35102214025184714,0.8200000000000001,False,0.5422647527910686,False
4,1376,1376,2008-10-06 20:02:00,0,0.5951833247814093,0.8200000000000001,False,0.8437001594896332,True
4,1377,1377,2008-10-06 20:36:00,0,0.3455435748437198,0.8200000000000001,False,0.5406698564593302,False
4,1378,1378,2008-10-06 20:47:00,0,0.26853978482834323,0.8200000000000001,False,0.38118022328548645,False
4,1379,1379,2008-10-06 21:46:00,0,0.28272781500664473,0.8200000000000001,False,0.40669856459330145,False
4,1380,1380,2008-10-06 21:48:00,0,0.24955482701449375,0.8200000000000001,False,0.3333333333333333,False
4,1381,1381,2008-10-06 22:37:00,0,0.46400676346222947,0.8200000000000001,False,0.7129186602870813,False
4,1382,1382,2008-10-06 23:03:00,0,0.2976556045691156,0.8200000000000001,False,0.43221690590111644,False
4,1383,1383,2008-10-07 01:46:00,0,0.4161125494674446,0.8200000000000001,False,0.6379585326953748,False
4,1384,1384,2008-10-07 03:29:00,0,0.11632624806111527,0.8200000000000001,False,0.11802232854864433,False
4,1385,1385,2008-10-07 03:39:00,0,0.4417443293989313,0.8200000000000001,False,0.6762360446570973,False
4,1386,1386,2008-10-07 07:32:00,0,0.5938900383934275,0.8200000000000001,False,0.8437001594896332,True
4,1387,1387,2008-10-07 07:41:00,0,0.0013380664196605296,0.8200000000000001,False,0.0,False
4,1388,1388,2008-10-07 08:25:00,0,0.31415719417375954,0.8200000000000001,False,0.47368421052631576,False
4,1389,1389,2008-10-07 08:26:00,0,0.33838832111632033,0.8200000000000001,False,0.5279106858054227,False
4,1390,1390,2008-10-07 09:11:00,0,0.46893641528423824,0.8200000000000001,False,0.722488038277512,False
4,1391,1391,2008-10-07 09:20:00,0,0.3243586138790627,0.8200000000000001,False,0.49282296650717705,False
4,1392,1392,2008-10-07 09:59:00,0,0.632209828975618,0.8200000000000001,False,0.8771929824561403,True
4,1393,1393,2008-10-07 10:04:00,0,0.4759896619754574,0.8200000000000001,False,0.7304625199362041,False
4,1394,1394,2008-10-07 10:10:00,0,0.3360313304308361,0.8200000000000001,False,0.5263157894736842,False
4,1395,1395,2008-10-07 10:51:00,0,0.34714523404995884,0.8200000000000001,False,0.5422647527910686,False
4,1396,1396,2008-10-07 11:15:00,0,0.24706551302441201,0.8200000000000001,False,0.3269537480063796,False
4,1397,1397,2008-10-07 11:16:00,0,0.05293671265532859,0.8200000000000001,False,0.030303030303030304,False
4,1398,1398,2008-10-07 11:36:00,0,0.508514912562578,0.8200000000000001,False,0.7671451355661882,False
4,1399,1399,2008-10-07 12:40:00,0,0.4473854754216614,0.8200000000000001,False,0.6810207336523126,False
4,1400,1400,2008-10-07 13:10:00,1,0.9997244416162915,0.8200000000000001,True,1.0,True
4,1401,1401,2008-10-07 13:48:00,0,0.4761654726429622,0.8200000000000001,False,0.7320574162679426,False
4,1402,1402,2008-10-07 14:35:00,0,0.7450354592521471,0.8200000000000001,False,0.9473684210526315,True
4,1403,1403,2008-10-07 16:32:00,0,0.42540637016363075,0.8200000000000001,False,0.6555023923444976,False
4,1404,1404,2008-10-07 17:06:00,0,0.35176560553619923,0.8200000000000001,False,0.5422647527910686,False
4,1405,1405,2008-10-07 17:28:00,0,0.4006735075646488,0.8200000000000001,False,0.620414673046252,False
4,1406,1406,2008-10-07 18:39:00,0,0.4997063545542897,0.8200000000000001,False,0.7575757575757576,False
4,1407,1407,2008-10-07 19:24:00,0,0.6509996484394027,0.8200000000000001,False,0.8835725677830941,True
4,1408,1408,2008-10-07 20:19:00,0,0.4489017472694016,0.8200000000000001,False,0.682615629984051,False
4,1409,1409,2008-10-07 20:39:00,0,0.09057033110545773,0.8200000000000001,False,0.0861244019138756,False
4,1410,1410,2008-10-07 20:48:00,0,0.8829997820611395,0.8200000000000001,True,0.9872408293460925,True
4,1411,1411,2008-10-08 04:47:00,0,0.4838767508374386,0.8200000000000001,False,0.7416267942583732,False
4,1412,1412,2008-10-08 05:35:00,0,0.2396354302037193,0.8200000000000001,False,0.32057416267942584,False
4,1413,1413,2008-10-08 05:38:00,0,0.25304267538561104,0.8200000000000001,False,0.3444976076555024,False
4,1414,1414,2008-10-08 06:25:00,0,0.3732662222896751,0.8200000000000001,False,0.5773524720893142,False
4,1415,1415,2008-10-08 07:10:00,0,0.24189005552596632,0.8200000000000001,False,0.3253588516746411,False
4,1416,1416,2008-10-08 07:13:00,0,0.06227853186661508,0.8200000000000001,False,0.044657097288676235,False
4,1417,1417,2008-10-08 07:16:00,0,0.32858473319385184,0.8200000000000001,False,0.5007974481658692,False
4,1418,1418,2008-10-08 09:01:00,0,0.4199733591569309,0.8200000000000001,False,0.6427432216905901,False
4,1419,1419,2008-10-08 09:06:00,0,0.2839914684090575,0.8200000000000001,False,0.40669856459330145,False
4,1420,1420,2008-10-08 10:37:00,0,0.06293917815818632,0.8200000000000001,False,0.044657097288676235,False
4,1421,1421,2008-10-08 12:11:00,0,0.44236802844239054,0.8200000000000001,False,0.6762360446570973,False
4,1422,1422,2008-10-08 13:35:00,0,0.3983358026561981,0.8200000000000001,False,0.6156299840510366,False
4,1423,1423,2008-10-08 13:38:00,0,0.5035037868551677,0.8200000000000001,False,0.7639553429027113,False
4,1424,1424,2008-10-08 14:48:00,0,0.357521361829542,0.8200000000000001,False,0.5550239234449761,False
4,1425,1425,2008-10-08 15:37:00,0,0.27052284735308973,0.8200000000000001,False,0.3827751196172249,False
4,1426,1426,2008-10-08 16:26:00,0,0.47435040295013264,0.8200000000000001,False,0.7288676236044657,False
4,1427,1427,2008-10-08 17:14:00,0,0.37762869807973465,0.8200000000000001,False,0.583732057416268,False
4,1428,1428,2008-10-08 17:31:00,0,0.22254116207294874,0.8200000000000001,False,0.29505582137161085,False
4,1429,1429,2008-10-08 17:41:00,0,0.24961035792490502,0.8200000000000001,False,0.3333333333333333,False
4,1430,1430,2008-10-08 18:22:00,0,0.0019472968202907041,0.8200000000000001,False,0.0,False
4,1431,1431,2008-10-08 20:27:00,0,0.3428235017636458,0.8200000000000001,False,0.5342902711323764,False
4,1432,1432,2008-10-08 21:19:00,0,0.10546094493659645,0.8200000000000001,False,0.10207336523125997,False
4,1433,1433,2008-10-08 21:45:00,0,0.18318650481195006,0.8200000000000001,False,0.22647527910685805,False
4,1434,1434,2008-10-08 22:08:00,0,0.0870820841780275,0.8200000000000001,False,0.07974481658692185,False
4,1435,1435,2008-10-08 23:13:00,0,0.3165177489595021,0.8200000000000001,False,0.4800637958532695,False
4,1436,1436,2008-10-08 23:50:00,0,0.3536175691392144,0.8200000000000001,False,0.5470494417862839,False
4,1437,1437,2008-10-09 00:23:00,0,0.1748858953537137,0.8200000000000001,False,0.21212121212121213,False
4,1438,1438,2008-10-09 04:34:00,1,0.0032414173016790107,0.8200000000000001,False,0.0,False
4,1439,1439,2008-10-09 06:06:00,0,0.23580719778306428,0.8200000000000001,False,0.31259968102073366,False
4,1440,1440,2008-10-09 07:38:00,0,0.6666871869970282,0.8200000000000001,False,0.8947368421052632,True
4,1441,1441,2008-10-09 14:15:00,0,0.4310312734272199,0.8200000000000001,False,0.6634768740031898,False
4,1442,1442,2008-10-09 15:04:00,0,0.11875022485553434,0.8200000000000001,False,0.12440191387559808,False
4,1443,1443,2008-10-09 15:55:00,1,0.3193054916973015,0.8200000000000001,False,0.48484848484848486,False
4,1444,1444,2008-10-09 15:56:00,0,0.14192256276202658,0.8200000000000001,False,0.15629984051036683,False
4,1445,1445,2008-10-10 10:05:00,0,0.3450818153178384,0.8200000000000001,False,0.5406698564593302,False
4,1446,1446,2008-10-10 10:46:00,0,0.5969665962812745,0.8200000000000001,False,0.8437001594896332,True
4,1447,1447,2008-10-10 10:53:00,0,0.5209115991510008,0.8200000000000001,False,0.7799043062200957,False
4,1448,1448,2008-10-10 12:30:00,0,0.4967629345364796,0.8200000000000001,False,0.7543859649122807,False
4,1449,1449,2008-10-10 15:33:00,0,0.2732899076277531,0.8200000000000001,False,0.38596491228070173,False
4,1450,1450,2008-10-10 15:50:00,0,0.6900295456452502,0.8200000000000001,False,0.9122807017543859,True
4,1451,1451,2008-10-10 20:02:00,0,0.29967718238571417,0.8200000000000001,False,0.43381180223285487,False
4,1452,1452,2008-10-10 21:03:00,0,0.7274562315635877,0.8200000000000001,False,0.9409888357256778,True
4,1453,1453,2008-10-10 21:07:00,0,0.11624280328166917,0.8200000000000001,False,0.11802232854864433,False
4,1454,1454,2008-10-10 21:16:00,0,0.11552784867783313,0.8200000000000001,False,0.11642743221690591,False
4,1455,1455,2008-10-11 02:55:00,0,0.11985441456221077,0.8200000000000001,False,0.12599681020733652,False
4,1456,1456,2008-10-11 06:56:00,0,0.5446298577595163,0.8200000000000001,False,0.8054226475279107,True
4,1457,1457,2008-10-11 07:38:00,0,0.07676429411466099,0.8200000000000001,False,0.0685805422647528,False
4,1458,1458,2008-10-11 07:39:00,0,0.09031489097636645,0.8200000000000001,False,0.08452950558213716,False
4,1459,1459,2008-10-11 07:42:00,0,0.3596522345828095,0.8200000000000001,False,0.5550239234449761,False
4,1460,1460,2008-10-11 08:27:00,0,0.510591187345465,0.8200000000000001,False,0.7703349282296651,False
4,1461,1461,2008-10-11 14:43:00,0,0.3887184851369313,0.8200000000000001,False,0.6012759170653907,False
4,1462,1462,2008-10-11 15:33:00,0,0.0701622762310812,0.8200000000000001,False,0.05263157894736842,False
4,1463,1463,2008-10-11 16:25:00,0,0.07760253390132643,0.8200000000000001,False,0.0685805422647528,False
4,1464,1464,2008-10-11 23:16:00,0,0.03623058633412456,0.8200000000000001,False,0.019138755980861243,False
4,1465,1465,2008-10-11 23:58:00,0,0.07320298032422251,0.8200000000000001,False,0.05582137161084529,False
4,1466,1466,2008-10-12 00:57:00,0,0.19724567271467774,0.8200000000000001,False,0.24880382775119617,False
4,1467,1467,2008-10-12 01:50:00,0,0.6325621250821235,0.8200000000000001,False,0.8771929824561403,True
4,1468,1468,2008-10-12 02:59:00,0,0.10064213408208174,0.8200000000000001,False,0.10047846889952153,False
4,1469,1469,2008-10-12 03:21:00,0,0.414675600864626,0.8200000000000001,False,0.6347687400318979,False
4,1470,1470,2008-10-12 03:28:00,0,0.40537700261232407,0.8200000000000001,False,0.6267942583732058,False
4,1471,1471,2008-10-12 08:19:00,0,0.0853328185336192,0.8200000000000001,False,0.07496012759170653,False
4,1472,1472,2008-10-12 18:47:00,0,0.4216291058826596,0.8200000000000001,False,0.6475279106858054,False
4,1473,1473,2008-10-13 03:34:00,0,0.2592106180003767,0.8200000000000001,False,0.3572567783094099,False
4,1474,1474,2008-10-13 03:53:00,0,0.3543337887512681,0.8200000000000001,False,0.5502392344497608,False
4,1475,1475,2008-10-13 11:27:00,0,0.2600326354125302,0.8200000000000001,False,0.3588516746411483,False
4,1476,1476,2008-10-13 12:18:00,0,0.4132085452268386,0.8200000000000001,False,0.6331738437001595,False
4,1477,1477,2008-10-13 14:06:00,0,0.13385569292254695,0.8200000000000001,False,0.14513556618819776,False
4,1478,1478,2008-10-13 14:29:00,0,0.2730320564067458,0.8200000000000001,False,0.38596491228070173,False
4,1479,1479,2008-10-13 14:30:00,0,0.3489611067514266,0.8200000000000001,False,0.5422647527910686,False
4,1480,1480,2008-10-13 14:55:00,0,0.462869402191272,0.8200000000000001,False,0.7113237639553429,False
4,1481,1481,2008-10-13 15:42:00,0,0.2319805470268545,0.8200000000000001,False,0.3062200956937799,False
4,1482,1482,2008-10-13 15:42:00,0,0.299652494629031,0.8200000000000001,False,0.43381180223285487,False
4,1483,1483,2008-10-13 16:13:00,0,0.21043930743667147,0.8200000000000001,False,0.27910685805422647,False
4,1484,1484,2008-10-13 19:17:00,0,0.4246979568522483,0.8200000000000001,False,0.6555023923444976,False
4,1485,1485,2008-10-13 19:36:00,0,0.6680351234675183,0.8200000000000001,False,0.8947368421052632,True
4,1486,1486,2008-10-13 19:40:00,0,0.2044145052831833,0.8200000000000001,False,0.26953748006379585,False
4,1487,1487,2008-10-13 20:10:00,0,0.5900107246346215,0.8200000000000001,False,0.8373205741626795,True
4,1488,1488,2008-10-13 20:30:00,0,0.3042943981487739,0.8200000000000001,False,0.4481658692185008,False
4,1489,1489,2008-10-13 20:53:00,0,0.05729453869832628,0.8200000000000001,False,0.03668261562998405,False
4,1490,1490,2008-10-13 21:20:00,0,0.32602560234822797,0.8200000000000001,False,0.4944178628389155,False
4,1491,1491,2008-10-13 21:47:00,0,0.2981018833843123,0.8200000000000001,False,0.43381180223285487,False
4,1492,1492,2008-10-13 21:57:00,0,0.30621228250236826,0.8200000000000001,False,0.4529505582137161,False
4,1493,1493,2008-10-13 22:48:00,0,0.07759432846529404,0.8200000000000001,False,0.0685805422647528,False
4,1494,1494,2008-10-13 22:54:00,0,0.2649613431335194,0.8200000000000001,False,0.37161084529505584,False
4,1495,1495,2008-10-14 00:35:00,0,0.10526976484348072,0.8200000000000001,False,0.10207336523125997,False
4,1496,1496,2008-10-14 03:21:00,0,0.40125309451160945,0.8200000000000001,False,0.620414673046252,False
4,1497,1497,2008-10-14 03:28:00,0,0.6718668609277203,0.8200000000000001,False,0.8963317384370016,True
4,1498,1498,2008-10-14 03:35:00,0,0.21545745140919773,0.8200000000000001,False,0.28708133971291866,False
4,1499,1499,2008-10-14 13:13:00,0,0.5177736036925263,0.8200000000000001,False,0.7799043062200957,False
4,1500,1500,2008-10-14 13:16:00,0,0.17509852681378216,0.8200000000000001,False,0.21212121212121213,False
4,1501,1501,2008-10-14 14:07:00,0,0.2039611647181762,0.8200000000000001,False,0.2679425837320574,False
4,1502,1502,2008-10-14 14:15:00,0,0.09087945327366131,0.8200000000000001,False,0.0861244019138756,False
4,1503,1503,2008-10-14 14:43:00,0,0.0032896439250087103,0.8200000000000001,False,0.0,False
4,1504,1504,2008-10-14 17:36:00,0,0.15402924978633067,0.8200000000000001,False,0.18022328548644337,False
4,1505,1505,2008-10-14 19:15:00,0,0.49114252457492724,0.8200000000000001,False,0.7496012759170654,False
4,1506,1506,2008-10-14 20:01:00,0,0.5403177287673104,0.8200000000000001,False,0.8022328548644339,False
4,1507,1507,2008-10-14 20:30:00,0,0.5641687809807495,0.8200000000000001,False,0.8165869218500797,True
4,1508,1508,2008-10-14 20:48:00,0,0.3057898319691351,0.8200000000000001,False,0.4513556618819777,False
4,1509,1509,2008-10-14 21:36:00,0,0.5793626164924232,0.8200000000000001,False,0.8293460925039873,True
4,1510,1510,2008-10-14 23:07:00,0,0.19150091315017692,0.8200000000000001,False,0.23763955342902712,False
4,1511,1511,2008-10-15 00:03:00,0,0.3279321116030764,0.8200000000000001,False,0.49920255183413076,False
4,1512,1512,2008-10-15 00:27:00,0,0.2893307651528014,0.8200000000000001,False,0.41626794258373206,False
4,1513,1513,2008-10-15 00:47:00,0,0.5687496558914863,0.8200000000000001,False,0.8213716108452951,True
4,1514,1514,2008-10-15 01:52:00,0,0.2537152025955657,0.8200000000000001,False,0.34609250398724084,False
4,1515,1515,2008-10-15 01:52:00,0,0.6631693986256989,0.8200000000000001,False,0.8947368421052632,True
4,1516,1516,2008-10-15 01:52:00,0,0.3808951127811015,0.8200000000000001,False,0.5901116427432217,False
4,1517,1517,2008-10-15 02:40:00,0,0.4347190855887228,0.8200000000000001,False,0.6666666666666666,False
4,1518,1518,2008-10-15 02:40:00,0,0.39334813573111,0.8200000000000001,False,0.6076555023923444,False
4,1519,1519,2008-10-15 02:42:00,1,0.7824375867920332,0.8200000000000001,False,0.9569377990430622,True
4,1520,1520,2008-10-15 03:24:00,0,0.005412601808377819,0.8200000000000001,False,0.0,False
4,1521,1521,2008-10-15 04:08:00,0,0.4345242495389519,0.8200000000000001,False,0.6666666666666666,False
4,1522,1522,2008-10-15 05:13:00,0,0.5438372081907713,0.8200000000000001,False,0.8054226475279107,False
4,1523,1523,2008-10-15 05:16:00,0,0.0022581218743623556,0.8200000000000001,False,0.0,False
4,1524,1524,2008-10-15 06:49:00,0,0.11591078453668603,0.8200000000000001,False,0.11802232854864433,False
4,1525,1525,2008-10-15 07:36:00,0,0.34506694100814306,0.8200000000000001,False,0.5406698564593302,False
4,1526,1526,2008-10-15 07:55:00,0,0.17240619946578498,0.8200000000000001,False,0.20574162679425836,False
4,1527,1527,2008-10-15 08:21:00,0,0.31784453882656344,0.8200000000000001,False,0.48165869218500795,False
4,1528,1528,2008-10-15 09:11:00,0,0.4026468024011266,0.8200000000000001,False,0.620414673046252,False
4,1529,1529,2008-10-15 10:00:00,0,0.06476921512414943,0.8200000000000001,False,0.044657097288676235,False
4,1530,1530,2008-10-15 12:53:00,0,0.2740794104521021,0.8200000000000001,False,0.3875598086124402,False
4,1531,1531,2008-10-15 13:14:00,0,0.3933178950337099,0.8200000000000001,False,0.6076555023923444,False
4,1532,1532,2008-10-15 13:16:00,0,0.24391573654196477,0.8200000000000001,False,0.3253588516746411,False
4,1533,1533,2008-10-15 14:08:00,0,0.3466817977367683,0.8200000000000001,False,0.5406698564593302,False
4,1534,1534,2008-10-15 15:11:00,0,0.25821420999356326,0.8200000000000001,False,0.3572567783094099,False
4,1535,1535,2008-10-15 16:24:00,0,0.1552351580184168,0.8200000000000001,False,0.18181818181818182,False
4,1536,1536,2008-10-15 17:19:00,0,0.44856936083407234,0.8200000000000001,False,0.682615629984051,False
4,1537,1537,2008-10-15 18:16:00,0,0.05631475227913108,0.8200000000000001,False,0.03349282296650718,False
4,1538,1538,2008-10-15 19:15:00,0,0.37009541862839673,0.8200000000000001,False,0.5725677830940988,False
4,1539,1539,2008-10-15 19:24:00,0,0.36655491357977915,0.8200000000000001,False,0.5677830940988836,False
4,1540,1540,2008-10-15 21:44:00,0,0.2670118546213368,0.8200000000000001,False,0.3763955342902711,False
4,1541,1541,2008-10-15 22:45:00,0,0.2912560566053039,0.8200000000000001,False,0.4226475279106858,False
4,1542,1542,2008-10-15 22:54:00,0,0.7321422019873205,0.8200000000000001,False,0.9409888357256778,True
4,1543,1543,2008-10-15 23:00:00,0,0.11428239249408126,0.8200000000000001,False,0.11483253588516747,False
4,1544,1544,2008-10-15 23:45:00,0,0.37754753301828586,0.8200000000000001,False,0.583732057416268,False
4,1545,1545,2008-10-16 02:16:00,0,0.4140774714006738,0.8200000000000001,False,0.6331738437001595,False
4,1546,1546,2008-10-16 02:16:00,0,0.3639534131732682,0.8200000000000001,False,0.5614035087719298,False
4,1547,1547,2008-10-16 02:17:00,0,0.4393333318452124,0.8200000000000001,False,0.6762360446570973,False
4,1548,1548,2008-10-16 02:22:00,0,0.08466350275194878,0.8200000000000001,False,0.0733652312599681,False
4,1549,1549,2008-10-16 02:55:00,0,0.27697989758986213,0.8200000000000001,False,0.39074960127591707,False
4,1550,1550,2008-10-16 03:56:00,0,0.360242731753333,0.8200000000000001,False,0.5550239234449761,False
4,1551,1551,2008-10-16 04:02:00,0,0.4608332689404876,0.8200000000000001,False,0.7081339712918661,False
4,1552,1552,2008-10-16 04:02:00,0,0.2008876465607409,0.8200000000000001,False,0.2647527910685805,False
4,1553,1553,2008-10-16 04:04:00,0,0.12316854706681905,0.8200000000000001,False,0.1291866028708134,False
4,1554,1554,2008-10-16 04:47:00,0,0.5496428487888785,0.8200000000000001,False,0.810207336523126,True
4,1555,1555,2008-10-16 04:50:00,0,0.8249263386711572,0.8200000000000001,True,0.9665071770334929,True
4,1556,1556,2008-10-16 04:54:00,0,0.2172931585049284,0.8200000000000001,False,0.2886762360446571,False
4,1557,1557,2008-10-16 05:08:00,0,0.4507727402448143,0.8200000000000001,False,0.6874003189792663,False
4,1558,1558,2008-10-16 05:13:00,0,0.06725622108468636,0.8200000000000001,False,0.046251993620414676,False
4,1559,1559,2008-10-16 05:44:00,0,0.4254022903430153,0.8200000000000001,False,0.6555023923444976,False
4,1560,1560,2008-10-16 05:58:00,0,0.15180705386528004,0.8200000000000001,False,0.17384370015948963,False
4,1561,1561,2008-10-16 15:02:00,0,0.43937614207498416,0.8200000000000001,False,0.6762360446570973,False
4,1562,1562,2008-10-16 15:13:00,0,0.5836129966707728,0.8200000000000001,False,0.8309409888357256,True
4,1563,1563,2008-10-16 20:49:00,0,0.09558119402835334,0.8200000000000001,False,0.08931419457735247,False
4,1564,1564,2008-10-17 05:26:00,0,0.49417228406436386,0.8200000000000001,False,0.7511961722488039,False
4,1565,1565,2008-10-17 06:01:00,0,0.3768059548556001,0.8200000000000001,False,0.5821371610845295,False
4,1566,1566,2008-10-17 06:07:00,0,0.5988518095159466,0.8200000000000001,False,0.8484848484848485,True
