reference_policy,reference_rows,method,alert_rate,failure_recall,failure_capture,precision,false_positive_rate,alerts_per_100_runs,failure_capture_lift_over_random,pass_runs_between_false_alerts,alerts,failures_captured,false_alerts
early_pass,684,imr,0.3535031847133758,0.47058823529411764,0.47058823529411764,0.07207207207207207,0.3468013468013468,35.35031847133758,1.3312135665076843,1.8627450980392157,111,8,103
early_pass,684,ewma,0.643312101910828,0.7647058823529411,0.7647058823529411,0.06435643564356436,0.6363636363636364,64.3312101910828,1.1887012230634828,0.5372340425531915,202,13,189
early_pass,684,cusum,0.9745222929936306,0.9411764705882353,0.9411764705882353,0.05228758169934641,0.9764309764309764,97.45222929936305,0.9657823913879277,0.0,306,16,290
early_all,751,imr,0.34076433121019106,0.4117647058823529,0.4117647058823529,0.06542056074766354,0.3367003367003367,34.07643312101911,1.2083562396921386,1.9494949494949494,107,7,100
early_all,751,ewma,0.6178343949044586,0.7647058823529411,0.7647058823529411,0.06701030927835051,0.6094276094276094,61.78343949044586,1.2377198302001213,0.6055555555555555,194,13,181
early_all,751,cusum,0.9745222929936306,0.9411764705882353,0.9411764705882353,0.05228758169934641,0.9764309764309764,97.45222929936305,0.9657823913879277,0.0,306,16,290
recent_pass,482,imr,0.3885350318471338,0.29411764705882354,0.29411764705882354,0.040983606557377046,0.3939393939393939,38.853503184713375,0.7569913211186113,1.5258620689655173,122,5,117
recent_pass,482,ewma,0.37261146496815284,0.35294117647058826,0.35294117647058826,0.05128205128205128,0.37373737373737376,37.261146496815286,0.9472096530920061,1.6272727272727272,117,6,111
recent_pass,482,cusum,0.7579617834394905,0.5294117647058824,0.5294117647058824,0.037815126050420166,0.7710437710437711,75.79617834394905,0.6984676223430548,0.2675438596491228,238,9,229
