feature,in_monitoring_set,reference_missing,later_missing,reference_unique_values,reference_std,reference_lag1_correlation,i_limit_z,later_pass_mean_z,later_failure_mean_z,ks_statistic,alert_rate,failure_recall,failure_capture,precision,false_positive_rate,alerts_per_100_runs,failure_capture_lift_over_random,pass_runs_between_false_alerts,alerts,failures_captured,false_alerts
sensor_459,True,0.0014619883040935672,0.0,677,0.8112258043732282,0.20022382929929586,2.5409255556630406,-0.3481897810124028,0.16075058467916353,0.20671261109194172,0.0,0.0,0.0,0.0,0.0,0.0,0.0,297.0,0,0,0
sensor_455,True,0.0014619883040935672,0.0,676,1.018715820285541,0.3352737786713492,2.251072086092603,-0.7391371011855982,-0.039127559744693424,0.3711846387705048,0.006369426751592357,0.0,0.0,0.0,0.006734006734006734,0.6369426751592357,0.0,256.0,2,0,2
sensor_319,True,0.0014619883040935672,0.0,683,2.2831240506422503,0.33835726566567526,2.1933418818606376,-0.7714882974164734,0.012920007131399661,0.33498708395892973,0.009554140127388535,0.0,0.0,0.0,0.010101010101010102,0.9554140127388535,0.0,127.5,3,0,3
sensor_187,True,0.0014619883040935672,0.0,573,5.117325998947745,0.20283992583603117,2.548144346195795,-0.32788554982599244,0.15133875597553145,0.2080694948289208,0.0,0.0,0.0,0.0,0.0,0.0,0.0,297.0,0,0,0
sensor_183,True,0.0014619883040935672,0.0,674,7.49923288091818,0.3400595126554479,2.2573648665718613,-0.7029049163457004,-0.034746117847491986,0.34567429194915644,0.006369426751592357,0.0,0.0,0.0,0.006734006734006734,0.6369426751592357,0.0,256.0,2,0,2
sensor_564,True,0.34649122807017546,0.0031847133757961785,306,2.233767189167728,-0.03324247598765161,2.4782344621864962,0.22666413307324718,0.5418298036143379,0.17388911522324907,0.11146496815286625,0.17647058823529413,0.17647058823529413,0.08571428571428572,0.10774410774410774,11.146496815286625,1.5831932773109245,7.258064516129032,35,3,32
sensor_568,True,0.34649122807017546,0.0031847133757961785,384,0.8679494359536684,-0.027059532013499338,2.470441389801207,0.15522687693023696,0.47652767459908485,0.1623817998584815,0.07961783439490445,0.058823529411764705,0.058823529411764705,0.04,0.08080808080808081,7.961783439490445,0.7388235294117648,10.130434782608695,25,1,24
sensor_323,True,0.0014619883040935672,0.0,679,1.4987584151840743,0.2039248757873767,2.568867152353037,-0.38046960779490313,0.2620571297804078,0.19146049183538338,0.0,0.0,0.0,0.0,0.0,0.0,0.0,297.0,0,0,0
sensor_566,True,0.34649122807017546,0.0031847133757961785,379,0.9120539107766708,-0.04645547902276372,2.4297984129705688,0.20115909376149727,0.3862935713257101,0.16334669897291848,0.09872611464968153,0.11764705882352941,0.11764705882352941,0.06451612903225806,0.09764309764309764,9.872611464968154,1.191650853889943,8.142857142857142,31,2,29
sensor_550,True,0.260233918128655,0.01592356687898089,434,5.330506722193916,0.011242415828353522,1.7707780620186546,-0.19482348301943064,-0.18055492855842314,0.2245417450145184,0.01910828025477707,0.0,0.0,0.0,0.020202020202020204,1.910828025477707,0.0,44.4,6,0,6
sensor_472,True,0.0029239766081871343,0.0,682,51.243006725096194,0.12934323080762122,2.704020309049214,0.18471654924416026,0.261608647989911,0.1129219044772774,0.01592356687898089,0.0,0.0,0.0,0.016835016835016835,1.5923566878980893,0.0,7.25,5,0,5
sensor_556,True,0.260233918128655,0.01592356687898089,502,1.4019389429406726,0.008940153282024773,1.6618863785247469,-0.16234340294673613,-0.16281593979917527,0.21268403750463696,0.01910828025477707,0.0,0.0,0.0,0.020202020202020204,1.910828025477707,0.0,44.4,6,0,6
sensor_128,True,0.008771929824561403,0.009554140127388535,146,0.1879832466191557,0.482671567471661,1.6297587973223908,0.23314617006408545,-0.16354135067159184,0.12832806912709027,0.1910828025477707,0.23529411764705882,0.23529411764705882,0.06666666666666667,0.18855218855218855,19.10828025477707,1.2313725490196077,4.345454545454546,60,4,56
sensor_553,True,0.260233918128655,0.01592356687898089,504,2.3510588489577664,0.02550341268535507,1.8572103535193163,-0.19092635943887332,-0.1636934749407335,0.22545633626258368,0.01910828025477707,0.0,0.0,0.0,0.020202020202020204,1.910828025477707,0.0,44.4,6,0,6
sensor_527,True,0.0,0.0,678,1.6112730159780295,0.2803024012831841,2.5207980120329583,-0.9193744880003417,-1.1016547502907026,0.452406227883935,0.03821656050955414,0.058823529411764705,0.058823529411764705,0.08333333333333333,0.037037037037037035,3.821656050955414,1.5392156862745099,23.9,12,1,11
sensor_542,False,0.0,0.006369426751592357,7,0.0004311224108034951,0.030290973981969296,0.4471626618598872,7.100740404817318,7.300764564635145,0.7819950517318939,0.9968152866242038,1.0,1.0,0.054313099041533544,0.9966329966329966,99.68152866242038,1.0031948881789137,0.003389830508474576,313,17,296
sensor_543,False,0.0,0.006369426751592357,6,0.00017199809311742257,0.057016039740840206,0.4777709681066029,8.372190993248005,5.096465730829125,0.7715362123256859,1.0,1.0,1.0,0.054140127388535034,1.0,100.0,1.0,0.0,314,17,297
