repeat,scenario,method,prechange_alert_fraction,prechange_any_alert,postchange_alert_fraction,detected_in_horizon,delay_if_detected,restricted_delay
0,stable,imr,0.06,True,0.03,,,
0,stable,ewma,0.0,False,0.01,,,
0,stable,cusum,0.01,True,0.03,,,
0,step_1sigma,imr,0.06,True,0.12,True,1.0,1.0
0,step_1sigma,ewma,0.0,False,0.72,True,8.0,8.0
0,step_1sigma,cusum,0.01,True,0.93,True,8.0,8.0
0,ramp_to_2sigma,imr,0.06,True,0.12,True,2.0,2.0
0,ramp_to_2sigma,ewma,0.0,False,0.57,True,13.0,13.0
0,ramp_to_2sigma,cusum,0.01,True,0.88,True,13.0,13.0
1,stable,imr,0.01,True,0.0,,,
1,stable,ewma,0.0,False,0.0,,,
1,stable,cusum,0.0,False,0.0,,,
1,step_1sigma,imr,0.01,True,0.01,True,54.0,54.0
1,step_1sigma,ewma,0.0,False,0.47,True,12.0,12.0
1,step_1sigma,cusum,0.0,False,0.91,True,10.0,10.0
1,ramp_to_2sigma,imr,0.01,True,0.07,True,54.0,54.0
1,ramp_to_2sigma,ewma,0.0,False,0.51,True,38.0,38.0
1,ramp_to_2sigma,cusum,0.0,False,0.57,True,38.0,38.0
2,stable,imr,0.02,True,0.02,,,
2,stable,ewma,0.0,False,0.0,,,
2,stable,cusum,0.0,False,0.0,,,
2,step_1sigma,imr,0.02,True,0.06,True,42.0,42.0
2,step_1sigma,ewma,0.0,False,0.49,True,2.0,2.0
2,step_1sigma,cusum,0.0,False,0.99,True,2.0,2.0
2,ramp_to_2sigma,imr,0.02,True,0.09,True,42.0,42.0
2,ramp_to_2sigma,ewma,0.0,False,0.38,True,41.0,41.0
2,ramp_to_2sigma,cusum,0.0,False,0.54,True,41.0,41.0
3,stable,imr,0.0,False,0.0,,,
3,stable,ewma,0.0,False,0.0,,,
3,stable,cusum,0.0,False,0.0,,,
3,step_1sigma,imr,0.0,False,0.0,False,,101.0
3,step_1sigma,ewma,0.0,False,0.16,True,10.0,10.0
3,step_1sigma,cusum,0.0,False,0.88,True,9.0,9.0
3,ramp_to_2sigma,imr,0.0,False,0.01,True,99.0,99.0
3,ramp_to_2sigma,ewma,0.0,False,0.26,True,45.0,45.0
3,ramp_to_2sigma,cusum,0.0,False,0.59,True,42.0,42.0
4,stable,imr,0.0,False,0.02,,,
4,stable,ewma,0.0,False,0.0,,,
4,stable,cusum,0.0,False,0.0,,,
4,step_1sigma,imr,0.0,False,0.03,True,15.0,15.0
4,step_1sigma,ewma,0.0,False,0.22,True,13.0,13.0
4,step_1sigma,cusum,0.0,False,0.93,True,8.0,8.0
4,ramp_to_2sigma,imr,0.0,False,0.03,True,15.0,15.0
4,ramp_to_2sigma,ewma,0.0,False,0.35,True,66.0,66.0
4,ramp_to_2sigma,cusum,0.0,False,0.43,True,57.0,57.0
5,stable,imr,0.02,True,0.03,,,
5,stable,ewma,0.01,True,0.0,,,
5,stable,cusum,0.0,False,0.0,,,
5,step_1sigma,imr,0.02,True,0.05,True,7.0,7.0
5,step_1sigma,ewma,0.01,True,0.58,True,9.0,9.0
5,step_1sigma,cusum,0.0,False,0.92,True,9.0,9.0
5,ramp_to_2sigma,imr,0.02,True,0.08,True,28.0,28.0
5,ramp_to_2sigma,ewma,0.01,True,0.6,True,19.0,19.0
5,ramp_to_2sigma,cusum,0.0,False,0.81,True,19.0,19.0
6,stable,imr,0.0,False,0.0,,,
6,stable,ewma,0.0,False,0.0,,,
6,stable,cusum,0.0,False,0.0,,,
6,step_1sigma,imr,0.0,False,0.02,True,39.0,39.0
6,step_1sigma,ewma,0.0,False,0.4,True,19.0,19.0
6,step_1sigma,cusum,0.0,False,0.86,True,13.0,13.0
6,ramp_to_2sigma,imr,0.0,False,0.03,True,39.0,39.0
6,ramp_to_2sigma,ewma,0.0,False,0.42,True,40.0,40.0
6,ramp_to_2sigma,cusum,0.0,False,0.55,True,46.0,46.0
7,stable,imr,0.0,False,0.0,,,
7,stable,ewma,0.0,False,0.0,,,
7,stable,cusum,0.0,False,0.0,,,
7,step_1sigma,imr,0.0,False,0.02,True,42.0,42.0
7,step_1sigma,ewma,0.0,False,0.4,True,7.0,7.0
7,step_1sigma,cusum,0.0,False,0.92,True,7.0,7.0
7,ramp_to_2sigma,imr,0.0,False,0.02,True,42.0,42.0
7,ramp_to_2sigma,ewma,0.0,False,0.49,True,40.0,40.0
7,ramp_to_2sigma,cusum,0.0,False,0.61,True,40.0,40.0
8,stable,imr,0.01,True,0.0,,,
8,stable,ewma,0.0,False,0.0,,,
8,stable,cusum,0.0,False,0.0,,,
8,step_1sigma,imr,0.01,True,0.04,True,82.0,82.0
8,step_1sigma,ewma,0.0,False,0.82,True,3.0,3.0
8,step_1sigma,cusum,0.0,False,0.97,True,3.0,3.0
8,ramp_to_2sigma,imr,0.01,True,0.07,True,66.0,66.0
8,ramp_to_2sigma,ewma,0.0,False,0.55,True,35.0,35.0
8,ramp_to_2sigma,cusum,0.0,False,0.65,True,35.0,35.0
9,stable,imr,0.0,False,0.02,,,
9,stable,ewma,0.03,True,0.0,,,
9,stable,cusum,0.01,True,0.0,,,
9,step_1sigma,imr,0.0,False,0.04,True,6.0,6.0
9,step_1sigma,ewma,0.03,True,0.33,True,12.0,12.0
9,step_1sigma,cusum,0.01,True,0.78,True,22.0,22.0
9,ramp_to_2sigma,imr,0.0,False,0.04,True,6.0,6.0
9,ramp_to_2sigma,ewma,0.03,True,0.45,True,37.0,37.0
9,ramp_to_2sigma,cusum,0.01,True,0.64,True,37.0,37.0
10,stable,imr,0.03,True,0.03,,,
10,stable,ewma,0.01,True,0.0,,,
10,stable,cusum,0.01,True,0.0,,,
10,step_1sigma,imr,0.03,True,0.06,True,8.0,8.0
10,step_1sigma,ewma,0.01,True,0.33,True,8.0,8.0
10,step_1sigma,cusum,0.01,True,0.93,True,8.0,8.0
10,ramp_to_2sigma,imr,0.03,True,0.08,True,20.0,20.0
10,ramp_to_2sigma,ewma,0.01,True,0.39,True,34.0,34.0
10,ramp_to_2sigma,cusum,0.01,True,0.53,True,35.0,35.0
11,stable,imr,0.02,True,0.02,,,
11,stable,ewma,0.04,True,0.0,,,
11,stable,cusum,0.06,True,0.0,,,
11,step_1sigma,imr,0.02,True,0.03,True,33.0,33.0
11,step_1sigma,ewma,0.04,True,0.28,True,11.0,11.0
11,step_1sigma,cusum,0.06,True,0.9,True,11.0,11.0
11,ramp_to_2sigma,imr,0.02,True,0.04,True,34.0,34.0
11,ramp_to_2sigma,ewma,0.04,True,0.43,True,55.0,55.0
11,ramp_to_2sigma,cusum,0.06,True,0.48,True,47.0,47.0
12,stable,imr,0.0,False,0.02,,,
12,stable,ewma,0.0,False,0.0,,,
12,stable,cusum,0.0,False,0.0,,,
12,step_1sigma,imr,0.0,False,0.05,True,70.0,70.0
12,step_1sigma,ewma,0.0,False,0.68,True,5.0,5.0
12,step_1sigma,cusum,0.0,False,0.95,True,5.0,5.0
12,ramp_to_2sigma,imr,0.0,False,0.09,True,63.0,63.0
12,ramp_to_2sigma,ewma,0.0,False,0.47,True,28.0,28.0
12,ramp_to_2sigma,cusum,0.0,False,0.67,True,28.0,28.0
13,stable,imr,0.01,True,0.0,,,
13,stable,ewma,0.0,False,0.0,,,
13,stable,cusum,0.0,False,0.0,,,
13,step_1sigma,imr,0.01,True,0.01,True,62.0,62.0
13,step_1sigma,ewma,0.0,False,0.29,True,19.0,19.0
13,step_1sigma,cusum,0.0,False,0.79,True,22.0,22.0
13,ramp_to_2sigma,imr,0.01,True,0.02,True,62.0,62.0
13,ramp_to_2sigma,ewma,0.0,False,0.49,True,47.0,47.0
13,ramp_to_2sigma,cusum,0.0,False,0.53,True,48.0,48.0
14,stable,imr,0.0,False,0.01,,,
14,stable,ewma,0.0,False,0.0,,,
14,stable,cusum,0.0,False,0.0,,,
14,step_1sigma,imr,0.0,False,0.03,True,23.0,23.0
14,step_1sigma,ewma,0.0,False,0.27,True,5.0,5.0
14,step_1sigma,cusum,0.0,False,0.96,True,5.0,5.0
14,ramp_to_2sigma,imr,0.0,False,0.03,True,50.0,50.0
14,ramp_to_2sigma,ewma,0.0,False,0.34,True,23.0,23.0
14,ramp_to_2sigma,cusum,0.0,False,0.42,True,58.0,58.0
15,stable,imr,0.0,False,0.0,,,
15,stable,ewma,0.0,False,0.0,,,
15,stable,cusum,0.0,False,0.0,,,
15,step_1sigma,imr,0.0,False,0.01,True,26.0,26.0
15,step_1sigma,ewma,0.0,False,0.54,True,6.0,6.0
15,step_1sigma,cusum,0.0,False,0.92,True,6.0,6.0
15,ramp_to_2sigma,imr,0.0,False,0.03,True,72.0,72.0
15,ramp_to_2sigma,ewma,0.0,False,0.51,True,16.0,16.0
15,ramp_to_2sigma,cusum,0.0,False,0.57,True,31.0,31.0
16,stable,imr,0.03,True,0.02,,,
16,stable,ewma,0.0,False,0.0,,,
16,stable,cusum,0.0,False,0.0,,,
16,step_1sigma,imr,0.03,True,0.08,True,27.0,27.0
16,step_1sigma,ewma,0.0,False,0.5,True,10.0,10.0
16,step_1sigma,cusum,0.0,False,0.91,True,10.0,10.0
16,ramp_to_2sigma,imr,0.03,True,0.11,True,27.0,27.0
16,ramp_to_2sigma,ewma,0.0,False,0.52,True,38.0,38.0
16,ramp_to_2sigma,cusum,0.0,False,0.58,True,38.0,38.0
17,stable,imr,0.02,True,0.01,,,
17,stable,ewma,0.0,False,0.0,,,
17,stable,cusum,0.0,False,0.0,,,
17,step_1sigma,imr,0.02,True,0.02,True,36.0,36.0
17,step_1sigma,ewma,0.0,False,0.55,True,8.0,8.0
17,step_1sigma,cusum,0.0,False,0.93,True,8.0,8.0
17,ramp_to_2sigma,imr,0.02,True,0.04,True,36.0,36.0
17,ramp_to_2sigma,ewma,0.0,False,0.58,True,39.0,39.0
17,ramp_to_2sigma,cusum,0.0,False,0.61,True,39.0,39.0
18,stable,imr,0.02,True,0.01,,,
18,stable,ewma,0.0,False,0.0,,,
18,stable,cusum,0.0,False,0.0,,,
18,step_1sigma,imr,0.02,True,0.03,True,1.0,1.0
18,step_1sigma,ewma,0.0,False,0.6,True,15.0,15.0
18,step_1sigma,cusum,0.0,False,0.83,True,17.0,17.0
18,ramp_to_2sigma,imr,0.02,True,0.05,True,37.0,37.0
18,ramp_to_2sigma,ewma,0.0,False,0.56,True,30.0,30.0
18,ramp_to_2sigma,cusum,0.0,False,0.7,True,30.0,30.0
19,stable,imr,0.0,False,0.01,,,
19,stable,ewma,0.01,True,0.0,,,
19,stable,cusum,0.01,True,0.0,,,
19,step_1sigma,imr,0.0,False,0.05,True,20.0,20.0
19,step_1sigma,ewma,0.01,True,0.6,True,3.0,3.0
19,step_1sigma,cusum,0.01,True,0.97,True,3.0,3.0
19,ramp_to_2sigma,imr,0.0,False,0.07,True,63.0,63.0
19,ramp_to_2sigma,ewma,0.01,True,0.53,True,40.0,40.0
19,ramp_to_2sigma,cusum,0.01,True,0.61,True,40.0,40.0
20,stable,imr,0.0,False,0.03,,,
20,stable,ewma,0.0,False,0.01,,,
20,stable,cusum,0.0,False,0.01,,,
20,step_1sigma,imr,0.0,False,0.05,True,19.0,19.0
20,step_1sigma,ewma,0.0,False,0.25,True,20.0,20.0
20,step_1sigma,cusum,0.0,False,0.83,True,17.0,17.0
20,ramp_to_2sigma,imr,0.0,False,0.06,True,19.0,19.0
20,ramp_to_2sigma,ewma,0.0,False,0.46,True,33.0,33.0
20,ramp_to_2sigma,cusum,0.0,False,0.66,True,34.0,34.0
21,stable,imr,0.04,True,0.03,,,
21,stable,ewma,0.0,False,0.0,,,
21,stable,cusum,0.0,False,0.0,,,
21,step_1sigma,imr,0.04,True,0.03,True,22.0,22.0
21,step_1sigma,ewma,0.0,False,0.51,True,16.0,16.0
21,step_1sigma,cusum,0.0,False,0.85,True,16.0,16.0
21,ramp_to_2sigma,imr,0.04,True,0.1,True,22.0,22.0
21,ramp_to_2sigma,ewma,0.0,False,0.39,True,27.0,27.0
21,ramp_to_2sigma,cusum,0.0,False,0.71,True,27.0,27.0
22,stable,imr,0.0,False,0.0,,,
22,stable,ewma,0.0,False,0.0,,,
22,stable,cusum,0.0,False,0.0,,,
22,step_1sigma,imr,0.0,False,0.0,False,,101.0
22,step_1sigma,ewma,0.0,False,0.34,True,12.0,12.0
22,step_1sigma,cusum,0.0,False,0.89,True,11.0,11.0
22,ramp_to_2sigma,imr,0.0,False,0.03,True,75.0,75.0
22,ramp_to_2sigma,ewma,0.0,False,0.44,True,56.0,56.0
22,ramp_to_2sigma,cusum,0.0,False,0.48,True,52.0,52.0
23,stable,imr,0.0,False,0.0,,,
23,stable,ewma,0.0,False,0.0,,,
23,stable,cusum,0.0,False,0.0,,,
23,step_1sigma,imr,0.0,False,0.02,True,39.0,39.0
23,step_1sigma,ewma,0.0,False,0.51,True,10.0,10.0
23,step_1sigma,cusum,0.0,False,0.93,True,8.0,8.0
23,ramp_to_2sigma,imr,0.0,False,0.04,True,39.0,39.0
23,ramp_to_2sigma,ewma,0.0,False,0.44,True,39.0,39.0
23,ramp_to_2sigma,cusum,0.0,False,0.62,True,39.0,39.0
24,stable,imr,0.01,True,0.01,,,
24,stable,ewma,0.0,False,0.0,,,
24,stable,cusum,0.0,False,0.0,,,
24,step_1sigma,imr,0.01,True,0.02,True,56.0,56.0
24,step_1sigma,ewma,0.0,False,0.29,True,21.0,21.0
24,step_1sigma,cusum,0.0,False,0.8,True,21.0,21.0
24,ramp_to_2sigma,imr,0.01,True,0.03,True,56.0,56.0
24,ramp_to_2sigma,ewma,0.0,False,0.38,True,54.0,54.0
24,ramp_to_2sigma,cusum,0.0,False,0.59,True,26.0,26.0
25,stable,imr,0.02,True,0.0,,,
25,stable,ewma,0.0,False,0.0,,,
25,stable,cusum,0.0,False,0.0,,,
25,step_1sigma,imr,0.02,True,0.02,True,75.0,75.0
25,step_1sigma,ewma,0.0,False,0.51,True,17.0,17.0
25,step_1sigma,cusum,0.0,False,0.87,True,14.0,14.0
25,ramp_to_2sigma,imr,0.02,True,0.05,True,66.0,66.0
25,ramp_to_2sigma,ewma,0.0,False,0.38,True,43.0,43.0
25,ramp_to_2sigma,cusum,0.0,False,0.71,True,27.0,27.0
26,stable,imr,0.01,True,0.02,,,
26,stable,ewma,0.0,False,0.02,,,
26,stable,cusum,0.0,False,0.02,,,
26,step_1sigma,imr,0.01,True,0.05,True,34.0,34.0
26,step_1sigma,ewma,0.0,False,0.46,True,5.0,5.0
26,step_1sigma,cusum,0.0,False,0.93,True,5.0,5.0
26,ramp_to_2sigma,imr,0.01,True,0.07,True,34.0,34.0
26,ramp_to_2sigma,ewma,0.0,False,0.44,True,57.0,57.0
26,ramp_to_2sigma,cusum,0.0,False,0.44,True,57.0,57.0
27,stable,imr,0.01,True,0.02,,,
27,stable,ewma,0.0,False,0.0,,,
27,stable,cusum,0.0,False,0.0,,,
27,step_1sigma,imr,0.01,True,0.03,True,59.0,59.0
27,step_1sigma,ewma,0.0,False,0.21,True,6.0,6.0
27,step_1sigma,cusum,0.0,False,0.96,True,5.0,5.0
27,ramp_to_2sigma,imr,0.01,True,0.03,True,59.0,59.0
27,ramp_to_2sigma,ewma,0.0,False,0.39,True,44.0,44.0
27,ramp_to_2sigma,cusum,0.0,False,0.47,True,44.0,44.0
28,stable,imr,0.0,False,0.01,,,
28,stable,ewma,0.0,False,0.05,,,
28,stable,cusum,0.0,False,0.15,,,
28,step_1sigma,imr,0.0,False,0.03,True,36.0,36.0
28,step_1sigma,ewma,0.0,False,0.91,True,7.0,7.0
28,step_1sigma,cusum,0.0,False,0.95,True,6.0,6.0
28,ramp_to_2sigma,imr,0.0,False,0.08,True,74.0,74.0
28,ramp_to_2sigma,ewma,0.0,False,0.69,True,26.0,26.0
28,ramp_to_2sigma,cusum,0.0,False,0.76,True,25.0,25.0
29,stable,imr,0.01,True,0.01,,,
29,stable,ewma,0.01,True,0.0,,,
29,stable,cusum,0.0,False,0.0,,,
29,step_1sigma,imr,0.01,True,0.04,True,3.0,3.0
29,step_1sigma,ewma,0.01,True,0.52,True,3.0,3.0
29,step_1sigma,cusum,0.0,False,0.98,True,3.0,3.0
29,ramp_to_2sigma,imr,0.01,True,0.05,True,26.0,26.0
29,ramp_to_2sigma,ewma,0.01,True,0.6,True,41.0,41.0
29,ramp_to_2sigma,cusum,0.0,False,0.6,True,41.0,41.0
30,stable,imr,0.01,True,0.0,,,
30,stable,ewma,0.0,False,0.0,,,
30,stable,cusum,0.0,False,0.0,,,
30,step_1sigma,imr,0.01,True,0.01,True,2.0,2.0
30,step_1sigma,ewma,0.0,False,0.57,True,4.0,4.0
30,step_1sigma,cusum,0.0,False,0.97,True,4.0,4.0
30,ramp_to_2sigma,imr,0.01,True,0.01,True,89.0,89.0
30,ramp_to_2sigma,ewma,0.0,False,0.48,True,28.0,28.0
30,ramp_to_2sigma,cusum,0.0,False,0.73,True,28.0,28.0
31,stable,imr,0.01,True,0.02,,,
31,stable,ewma,0.0,False,0.0,,,
31,stable,cusum,0.0,False,0.0,,,
31,step_1sigma,imr,0.01,True,0.09,True,7.0,7.0
31,step_1sigma,ewma,0.0,False,0.52,True,7.0,7.0
31,step_1sigma,cusum,0.0,False,0.95,True,6.0,6.0
31,ramp_to_2sigma,imr,0.01,True,0.07,True,37.0,37.0
31,ramp_to_2sigma,ewma,0.0,False,0.44,True,9.0,9.0
31,ramp_to_2sigma,cusum,0.0,False,0.65,True,9.0,9.0
32,stable,imr,0.01,True,0.0,,,
32,stable,ewma,0.0,False,0.0,,,
32,stable,cusum,0.0,False,0.0,,,
32,step_1sigma,imr,0.01,True,0.04,True,42.0,42.0
32,step_1sigma,ewma,0.0,False,0.7,True,6.0,6.0
32,step_1sigma,cusum,0.0,False,0.93,True,7.0,7.0
32,ramp_to_2sigma,imr,0.01,True,0.06,True,48.0,48.0
32,ramp_to_2sigma,ewma,0.0,False,0.58,True,35.0,35.0
32,ramp_to_2sigma,cusum,0.0,False,0.62,True,39.0,39.0
33,stable,imr,0.0,False,0.0,,,
33,stable,ewma,0.0,False,0.0,,,
33,stable,cusum,0.0,False,0.0,,,
33,step_1sigma,imr,0.0,False,0.02,True,34.0,34.0
33,step_1sigma,ewma,0.0,False,0.46,True,6.0,6.0
33,step_1sigma,cusum,0.0,False,0.92,True,6.0,6.0
33,ramp_to_2sigma,imr,0.0,False,0.06,True,34.0,34.0
33,ramp_to_2sigma,ewma,0.0,False,0.5,True,34.0,34.0
33,ramp_to_2sigma,cusum,0.0,False,0.69,True,32.0,32.0
34,stable,imr,0.03,True,0.01,,,
34,stable,ewma,0.0,False,0.0,,,
34,stable,cusum,0.0,False,0.0,,,
34,step_1sigma,imr,0.03,True,0.02,True,14.0,14.0
34,step_1sigma,ewma,0.0,False,0.36,True,12.0,12.0
34,step_1sigma,cusum,0.0,False,0.91,True,10.0,10.0
34,ramp_to_2sigma,imr,0.03,True,0.01,True,85.0,85.0
34,ramp_to_2sigma,ewma,0.0,False,0.43,True,37.0,37.0
34,ramp_to_2sigma,cusum,0.0,False,0.64,True,37.0,37.0
35,stable,imr,0.06,True,0.05,,,
35,stable,ewma,0.0,False,0.0,,,
35,stable,cusum,0.0,False,0.0,,,
35,step_1sigma,imr,0.06,True,0.08,True,2.0,2.0
35,step_1sigma,ewma,0.0,False,0.62,True,9.0,9.0
35,step_1sigma,cusum,0.0,False,0.92,True,9.0,9.0
35,ramp_to_2sigma,imr,0.06,True,0.08,True,20.0,20.0
35,ramp_to_2sigma,ewma,0.0,False,0.62,True,26.0,26.0
35,ramp_to_2sigma,cusum,0.0,False,0.78,True,23.0,23.0
36,stable,imr,0.01,True,0.0,,,
36,stable,ewma,0.0,False,0.01,,,
36,stable,cusum,0.0,False,0.0,,,
36,step_1sigma,imr,0.01,True,0.04,True,33.0,33.0
36,step_1sigma,ewma,0.0,False,0.34,True,23.0,23.0
36,step_1sigma,cusum,0.0,False,0.83,True,15.0,15.0
36,ramp_to_2sigma,imr,0.01,True,0.05,True,47.0,47.0
36,ramp_to_2sigma,ewma,0.0,False,0.45,True,33.0,33.0
36,ramp_to_2sigma,cusum,0.0,False,0.69,True,32.0,32.0
37,stable,imr,0.03,True,0.03,,,
37,stable,ewma,0.0,False,0.0,,,
37,stable,cusum,0.0,False,0.0,,,
37,step_1sigma,imr,0.03,True,0.05,True,2.0,2.0
37,step_1sigma,ewma,0.0,False,0.74,True,3.0,3.0
37,step_1sigma,cusum,0.0,False,0.98,True,3.0,3.0
37,ramp_to_2sigma,imr,0.03,True,0.1,True,11.0,11.0
37,ramp_to_2sigma,ewma,0.0,False,0.6,True,33.0,33.0
37,ramp_to_2sigma,cusum,0.0,False,0.65,True,36.0,36.0
38,stable,imr,0.0,False,0.0,,,
38,stable,ewma,0.0,False,0.02,,,
38,stable,cusum,0.0,False,0.01,,,
38,step_1sigma,imr,0.0,False,0.01,True,6.0,6.0
38,step_1sigma,ewma,0.0,False,0.39,True,4.0,4.0
38,step_1sigma,cusum,0.0,False,0.97,True,4.0,4.0
38,ramp_to_2sigma,imr,0.0,False,0.04,True,76.0,76.0
38,ramp_to_2sigma,ewma,0.0,False,0.37,True,6.0,6.0
38,ramp_to_2sigma,cusum,0.0,False,0.52,True,7.0,7.0
39,stable,imr,0.03,True,0.02,,,
39,stable,ewma,0.0,False,0.0,,,
39,stable,cusum,0.0,False,0.0,,,
39,step_1sigma,imr,0.03,True,0.02,True,31.0,31.0
39,step_1sigma,ewma,0.0,False,0.35,True,9.0,9.0
39,step_1sigma,cusum,0.0,False,0.92,True,9.0,9.0
39,ramp_to_2sigma,imr,0.03,True,0.07,True,31.0,31.0
39,ramp_to_2sigma,ewma,0.0,False,0.48,True,39.0,39.0
39,ramp_to_2sigma,cusum,0.0,False,0.6,True,41.0,41.0
40,stable,imr,0.0,False,0.01,,,
40,stable,ewma,0.0,False,0.01,,,
40,stable,cusum,0.0,False,0.0,,,
40,step_1sigma,imr,0.0,False,0.04,True,20.0,20.0
40,step_1sigma,ewma,0.0,False,0.67,True,10.0,10.0
40,step_1sigma,cusum,0.0,False,0.86,True,15.0,15.0
40,ramp_to_2sigma,imr,0.0,False,0.05,True,34.0,34.0
40,ramp_to_2sigma,ewma,0.0,False,0.52,True,31.0,31.0
40,ramp_to_2sigma,cusum,0.0,False,0.74,True,25.0,25.0
41,stable,imr,0.04,True,0.03,,,
41,stable,ewma,0.0,False,0.01,,,
41,stable,cusum,0.0,False,0.07,,,
41,step_1sigma,imr,0.04,True,0.03,True,34.0,34.0
41,step_1sigma,ewma,0.0,False,0.56,True,10.0,10.0
41,step_1sigma,cusum,0.0,False,0.92,True,9.0,9.0
41,ramp_to_2sigma,imr,0.04,True,0.06,True,34.0,34.0
41,ramp_to_2sigma,ewma,0.0,False,0.56,True,39.0,39.0
41,ramp_to_2sigma,cusum,0.0,False,0.62,True,39.0,39.0
42,stable,imr,0.0,False,0.0,,,
42,stable,ewma,0.0,False,0.01,,,
42,stable,cusum,0.0,False,0.01,,,
42,step_1sigma,imr,0.0,False,0.0,False,,101.0
42,step_1sigma,ewma,0.0,False,0.43,True,6.0,6.0
42,step_1sigma,cusum,0.0,False,0.93,True,7.0,7.0
42,ramp_to_2sigma,imr,0.0,False,0.02,True,96.0,96.0
42,ramp_to_2sigma,ewma,0.0,False,0.4,True,42.0,42.0
42,ramp_to_2sigma,cusum,0.0,False,0.6,True,41.0,41.0
43,stable,imr,0.01,True,0.02,,,
43,stable,ewma,0.0,False,0.0,,,
43,stable,cusum,0.0,False,0.0,,,
43,step_1sigma,imr,0.01,True,0.05,True,45.0,45.0
43,step_1sigma,ewma,0.0,False,0.71,True,3.0,3.0
43,step_1sigma,cusum,0.0,False,0.98,True,3.0,3.0
43,ramp_to_2sigma,imr,0.01,True,0.08,True,45.0,45.0
43,ramp_to_2sigma,ewma,0.0,False,0.53,True,35.0,35.0
43,ramp_to_2sigma,cusum,0.0,False,0.54,True,47.0,47.0
44,stable,imr,0.01,True,0.02,,,
44,stable,ewma,0.0,False,0.05,,,
44,stable,cusum,0.0,False,0.12,,,
44,step_1sigma,imr,0.01,True,0.07,True,40.0,40.0
44,step_1sigma,ewma,0.0,False,0.51,True,16.0,16.0
44,step_1sigma,cusum,0.0,False,0.85,True,16.0,16.0
44,ramp_to_2sigma,imr,0.01,True,0.09,True,40.0,40.0
44,ramp_to_2sigma,ewma,0.0,False,0.55,True,42.0,42.0
44,ramp_to_2sigma,cusum,0.0,False,0.61,True,23.0,23.0
45,stable,imr,0.0,False,0.0,,,
45,stable,ewma,0.0,False,0.0,,,
45,stable,cusum,0.0,False,0.0,,,
45,step_1sigma,imr,0.0,False,0.01,True,13.0,13.0
45,step_1sigma,ewma,0.0,False,0.36,True,12.0,12.0
45,step_1sigma,cusum,0.0,False,0.89,True,12.0,12.0
45,ramp_to_2sigma,imr,0.0,False,0.05,True,66.0,66.0
45,ramp_to_2sigma,ewma,0.0,False,0.33,True,57.0,57.0
45,ramp_to_2sigma,cusum,0.0,False,0.51,True,50.0,50.0
46,stable,imr,0.01,True,0.0,,,
46,stable,ewma,0.0,False,0.0,,,
46,stable,cusum,0.0,False,0.0,,,
46,step_1sigma,imr,0.01,True,0.03,True,36.0,36.0
46,step_1sigma,ewma,0.0,False,0.64,True,6.0,6.0
46,step_1sigma,cusum,0.0,False,0.96,True,5.0,5.0
46,ramp_to_2sigma,imr,0.01,True,0.04,True,36.0,36.0
46,ramp_to_2sigma,ewma,0.0,False,0.57,True,32.0,32.0
46,ramp_to_2sigma,cusum,0.0,False,0.69,True,32.0,32.0
47,stable,imr,0.01,True,0.03,,,
47,stable,ewma,0.02,True,0.02,,,
47,stable,cusum,0.02,True,0.08,,,
47,step_1sigma,imr,0.01,True,0.07,True,1.0,1.0
47,step_1sigma,ewma,0.02,True,0.38,True,4.0,4.0
47,step_1sigma,cusum,0.02,True,0.97,True,4.0,4.0
47,ramp_to_2sigma,imr,0.01,True,0.05,True,31.0,31.0
47,ramp_to_2sigma,ewma,0.02,True,0.45,True,40.0,40.0
47,ramp_to_2sigma,cusum,0.02,True,0.61,True,40.0,40.0
48,stable,imr,0.0,False,0.0,,,
48,stable,ewma,0.0,False,0.0,,,
48,stable,cusum,0.0,False,0.0,,,
48,step_1sigma,imr,0.0,False,0.0,False,,101.0
48,step_1sigma,ewma,0.0,False,0.24,True,16.0,16.0
48,step_1sigma,cusum,0.0,False,0.83,True,15.0,15.0
48,ramp_to_2sigma,imr,0.0,False,0.01,True,83.0,83.0
48,ramp_to_2sigma,ewma,0.0,False,0.37,True,45.0,45.0
48,ramp_to_2sigma,cusum,0.0,False,0.56,True,45.0,45.0
49,stable,imr,0.03,True,0.03,,,
49,stable,ewma,0.0,False,0.0,,,
49,stable,cusum,0.0,False,0.0,,,
49,step_1sigma,imr,0.03,True,0.07,True,9.0,9.0
49,step_1sigma,ewma,0.0,False,0.61,True,9.0,9.0
49,step_1sigma,cusum,0.0,False,0.93,True,8.0,8.0
49,ramp_to_2sigma,imr,0.03,True,0.1,True,1.0,1.0
49,ramp_to_2sigma,ewma,0.0,False,0.46,True,39.0,39.0
49,ramp_to_2sigma,cusum,0.0,False,0.62,True,39.0,39.0
50,stable,imr,0.0,False,0.0,,,
50,stable,ewma,0.0,False,0.0,,,
50,stable,cusum,0.0,False,0.0,,,
50,step_1sigma,imr,0.0,False,0.0,False,,101.0
50,step_1sigma,ewma,0.0,False,0.26,True,32.0,32.0
50,step_1sigma,cusum,0.0,False,0.7,True,31.0,31.0
50,ramp_to_2sigma,imr,0.0,False,0.03,True,86.0,86.0
50,ramp_to_2sigma,ewma,0.0,False,0.34,True,34.0,34.0
50,ramp_to_2sigma,cusum,0.0,False,0.62,True,35.0,35.0
51,stable,imr,0.04,True,0.0,,,
51,stable,ewma,0.0,False,0.0,,,
51,stable,cusum,0.0,False,0.0,,,
51,step_1sigma,imr,0.04,True,0.02,True,56.0,56.0
51,step_1sigma,ewma,0.0,False,0.51,True,17.0,17.0
51,step_1sigma,cusum,0.0,False,0.82,True,19.0,19.0
51,ramp_to_2sigma,imr,0.04,True,0.02,True,56.0,56.0
51,ramp_to_2sigma,ewma,0.0,False,0.55,True,40.0,40.0
51,ramp_to_2sigma,cusum,0.0,False,0.61,True,40.0,40.0
52,stable,imr,0.01,True,0.09,,,
52,stable,ewma,0.0,False,0.0,,,
52,stable,cusum,0.0,False,0.0,,,
52,step_1sigma,imr,0.01,True,0.09,True,37.0,37.0
52,step_1sigma,ewma,0.0,False,0.33,True,31.0,31.0
52,step_1sigma,cusum,0.0,False,0.76,True,25.0,25.0
52,ramp_to_2sigma,imr,0.01,True,0.11,True,37.0,37.0
52,ramp_to_2sigma,ewma,0.0,False,0.44,True,33.0,33.0
52,ramp_to_2sigma,cusum,0.0,False,0.63,True,33.0,33.0
53,stable,imr,0.03,True,0.03,,,
53,stable,ewma,0.0,False,0.01,,,
53,stable,cusum,0.0,False,0.03,,,
53,step_1sigma,imr,0.03,True,0.09,True,2.0,2.0
53,step_1sigma,ewma,0.0,False,0.64,True,2.0,2.0
53,step_1sigma,cusum,0.0,False,0.99,True,2.0,2.0
53,ramp_to_2sigma,imr,0.03,True,0.13,True,2.0,2.0
53,ramp_to_2sigma,ewma,0.0,False,0.54,True,2.0,2.0
53,ramp_to_2sigma,cusum,0.0,False,0.78,True,2.0,2.0
54,stable,imr,0.02,True,0.01,,,
54,stable,ewma,0.0,False,0.0,,,
54,stable,cusum,0.0,False,0.0,,,
54,step_1sigma,imr,0.02,True,0.08,True,7.0,7.0
54,step_1sigma,ewma,0.0,False,0.57,True,7.0,7.0
54,step_1sigma,cusum,0.0,False,0.95,True,6.0,6.0
54,ramp_to_2sigma,imr,0.02,True,0.08,True,22.0,22.0
54,ramp_to_2sigma,ewma,0.0,False,0.6,True,34.0,34.0
54,ramp_to_2sigma,cusum,0.0,False,0.67,True,34.0,34.0
55,stable,imr,0.0,False,0.0,,,
55,stable,ewma,0.0,False,0.0,,,
55,stable,cusum,0.0,False,0.0,,,
55,step_1sigma,imr,0.0,False,0.0,False,,101.0
55,step_1sigma,ewma,0.0,False,0.6,True,7.0,7.0
55,step_1sigma,cusum,0.0,False,0.93,True,8.0,8.0
55,ramp_to_2sigma,imr,0.0,False,0.04,True,87.0,87.0
55,ramp_to_2sigma,ewma,0.0,False,0.47,True,44.0,44.0
55,ramp_to_2sigma,cusum,0.0,False,0.53,True,44.0,44.0
56,stable,imr,0.0,False,0.0,,,
56,stable,ewma,0.0,False,0.0,,,
56,stable,cusum,0.0,False,0.0,,,
56,step_1sigma,imr,0.0,False,0.0,False,,101.0
56,step_1sigma,ewma,0.0,False,0.46,True,10.0,10.0
56,step_1sigma,cusum,0.0,False,0.91,True,10.0,10.0
56,ramp_to_2sigma,imr,0.0,False,0.0,False,,101.0
56,ramp_to_2sigma,ewma,0.0,False,0.46,True,12.0,12.0
56,ramp_to_2sigma,cusum,0.0,False,0.78,True,12.0,12.0
57,stable,imr,0.0,False,0.02,,,
57,stable,ewma,0.01,True,0.0,,,
57,stable,cusum,0.02,True,0.0,,,
57,step_1sigma,imr,0.0,False,0.04,True,4.0,4.0
57,step_1sigma,ewma,0.01,True,0.57,True,6.0,6.0
57,step_1sigma,cusum,0.02,True,0.95,True,6.0,6.0
57,ramp_to_2sigma,imr,0.0,False,0.07,True,4.0,4.0
57,ramp_to_2sigma,ewma,0.01,True,0.51,True,40.0,40.0
57,ramp_to_2sigma,cusum,0.02,True,0.62,True,39.0,39.0
58,stable,imr,0.02,True,0.0,,,
58,stable,ewma,0.0,False,0.02,,,
58,stable,cusum,0.0,False,0.19,,,
58,step_1sigma,imr,0.02,True,0.04,True,47.0,47.0
58,step_1sigma,ewma,0.0,False,0.46,True,9.0,9.0
58,step_1sigma,cusum,0.0,False,0.93,True,8.0,8.0
58,ramp_to_2sigma,imr,0.02,True,0.07,True,47.0,47.0
58,ramp_to_2sigma,ewma,0.0,False,0.52,True,47.0,47.0
58,ramp_to_2sigma,cusum,0.0,False,0.54,True,47.0,47.0
59,stable,imr,0.02,True,0.01,,,
59,stable,ewma,0.0,False,0.01,,,
59,stable,cusum,0.0,False,0.02,,,
59,step_1sigma,imr,0.02,True,0.03,True,24.0,24.0
59,step_1sigma,ewma,0.0,False,0.36,True,7.0,7.0
59,step_1sigma,cusum,0.0,False,0.94,True,7.0,7.0
59,ramp_to_2sigma,imr,0.02,True,0.03,True,24.0,24.0
59,ramp_to_2sigma,ewma,0.0,False,0.41,True,55.0,55.0
59,ramp_to_2sigma,cusum,0.0,False,0.47,True,54.0,54.0
60,stable,imr,0.01,True,0.0,,,
60,stable,ewma,0.0,False,0.0,,,
60,stable,cusum,0.02,True,0.02,,,
60,step_1sigma,imr,0.01,True,0.01,True,57.0,57.0
60,step_1sigma,ewma,0.0,False,0.5,True,3.0,3.0
60,step_1sigma,cusum,0.02,True,1.0,True,1.0,1.0
60,ramp_to_2sigma,imr,0.01,True,0.01,True,57.0,57.0
60,ramp_to_2sigma,ewma,0.0,False,0.53,True,24.0,24.0
60,ramp_to_2sigma,cusum,0.02,True,0.62,True,1.0,1.0
61,stable,imr,0.0,False,0.0,,,
61,stable,ewma,0.02,True,0.0,,,
61,stable,cusum,0.07,True,0.0,,,
61,step_1sigma,imr,0.0,False,0.03,True,2.0,2.0
61,step_1sigma,ewma,0.02,True,0.61,True,2.0,2.0
61,step_1sigma,cusum,0.07,True,0.95,True,6.0,6.0
61,ramp_to_2sigma,imr,0.0,False,0.06,True,51.0,51.0
61,ramp_to_2sigma,ewma,0.02,True,0.47,True,26.0,26.0
61,ramp_to_2sigma,cusum,0.07,True,0.62,True,26.0,26.0
62,stable,imr,0.0,False,0.01,,,
62,stable,ewma,0.0,False,0.0,,,
62,stable,cusum,0.0,False,0.0,,,
62,step_1sigma,imr,0.0,False,0.03,True,24.0,24.0
62,step_1sigma,ewma,0.0,False,0.43,True,12.0,12.0
62,step_1sigma,cusum,0.0,False,0.89,True,12.0,12.0
62,ramp_to_2sigma,imr,0.0,False,0.05,True,56.0,56.0
62,ramp_to_2sigma,ewma,0.0,False,0.49,True,29.0,29.0
62,ramp_to_2sigma,cusum,0.0,False,0.61,True,29.0,29.0
63,stable,imr,0.02,True,0.01,,,
63,stable,ewma,0.0,False,0.0,,,
63,stable,cusum,0.0,False,0.0,,,
63,step_1sigma,imr,0.02,True,0.07,True,19.0,19.0
63,step_1sigma,ewma,0.0,False,0.73,True,3.0,3.0
63,step_1sigma,cusum,0.0,False,0.98,True,3.0,3.0
63,ramp_to_2sigma,imr,0.02,True,0.08,True,63.0,63.0
63,ramp_to_2sigma,ewma,0.0,False,0.6,True,20.0,20.0
63,ramp_to_2sigma,cusum,0.0,False,0.78,True,20.0,20.0
64,stable,imr,0.03,True,0.03,,,
64,stable,ewma,0.0,False,0.03,,,
64,stable,cusum,0.0,False,0.11,,,
64,step_1sigma,imr,0.03,True,0.03,True,11.0,11.0
64,step_1sigma,ewma,0.0,False,0.4,True,8.0,8.0
64,step_1sigma,cusum,0.0,False,0.65,True,8.0,8.0
64,ramp_to_2sigma,imr,0.03,True,0.09,True,10.0,10.0
64,ramp_to_2sigma,ewma,0.0,False,0.48,True,53.0,53.0
64,ramp_to_2sigma,cusum,0.0,False,0.47,True,54.0,54.0
65,stable,imr,0.02,True,0.01,,,
65,stable,ewma,0.0,False,0.0,,,
65,stable,cusum,0.0,False,0.0,,,
65,step_1sigma,imr,0.02,True,0.04,True,10.0,10.0
65,step_1sigma,ewma,0.0,False,0.76,True,10.0,10.0
65,step_1sigma,cusum,0.0,False,0.91,True,10.0,10.0
65,ramp_to_2sigma,imr,0.02,True,0.06,True,35.0,35.0
65,ramp_to_2sigma,ewma,0.0,False,0.61,True,29.0,29.0
65,ramp_to_2sigma,cusum,0.0,False,0.8,True,20.0,20.0
66,stable,imr,0.01,True,0.01,,,
66,stable,ewma,0.0,False,0.0,,,
66,stable,cusum,0.0,False,0.0,,,
66,step_1sigma,imr,0.01,True,0.04,True,23.0,23.0
66,step_1sigma,ewma,0.0,False,0.47,True,6.0,6.0
66,step_1sigma,cusum,0.0,False,0.95,True,6.0,6.0
66,ramp_to_2sigma,imr,0.01,True,0.06,True,59.0,59.0
66,ramp_to_2sigma,ewma,0.0,False,0.39,True,23.0,23.0
66,ramp_to_2sigma,cusum,0.0,False,0.6,True,41.0,41.0
67,stable,imr,0.0,False,0.02,,,
67,stable,ewma,0.0,False,0.0,,,
67,stable,cusum,0.0,False,0.0,,,
67,step_1sigma,imr,0.0,False,0.02,True,31.0,31.0
67,step_1sigma,ewma,0.0,False,0.2,True,3.0,3.0
67,step_1sigma,cusum,0.0,False,0.88,True,4.0,4.0
67,ramp_to_2sigma,imr,0.0,False,0.02,True,31.0,31.0
67,ramp_to_2sigma,ewma,0.0,False,0.41,True,31.0,31.0
67,ramp_to_2sigma,cusum,0.0,False,0.5,True,31.0,31.0
68,stable,imr,0.02,True,0.02,,,
68,stable,ewma,0.0,False,0.0,,,
68,stable,cusum,0.0,False,0.0,,,
68,step_1sigma,imr,0.02,True,0.07,True,2.0,2.0
68,step_1sigma,ewma,0.0,False,0.58,True,2.0,2.0
68,step_1sigma,cusum,0.0,False,0.99,True,2.0,2.0
68,ramp_to_2sigma,imr,0.02,True,0.09,True,2.0,2.0
68,ramp_to_2sigma,ewma,0.0,False,0.52,True,47.0,47.0
68,ramp_to_2sigma,cusum,0.0,False,0.53,True,48.0,48.0
69,stable,imr,0.04,True,0.0,,,
69,stable,ewma,0.0,False,0.0,,,
69,stable,cusum,0.06,True,0.0,,,
69,step_1sigma,imr,0.04,True,0.04,True,1.0,1.0
69,step_1sigma,ewma,0.0,False,0.49,True,8.0,8.0
69,step_1sigma,cusum,0.06,True,0.95,True,6.0,6.0
69,ramp_to_2sigma,imr,0.04,True,0.09,True,58.0,58.0
69,ramp_to_2sigma,ewma,0.0,False,0.44,True,50.0,50.0
69,ramp_to_2sigma,cusum,0.06,True,0.61,True,40.0,40.0
70,stable,imr,0.0,False,0.03,,,
70,stable,ewma,0.03,True,0.03,,,
70,stable,cusum,0.05,True,0.03,,,
70,step_1sigma,imr,0.0,False,0.07,True,20.0,20.0
70,step_1sigma,ewma,0.03,True,0.46,True,7.0,7.0
70,step_1sigma,cusum,0.05,True,0.98,True,3.0,3.0
70,ramp_to_2sigma,imr,0.0,False,0.08,True,49.0,49.0
70,ramp_to_2sigma,ewma,0.03,True,0.45,True,49.0,49.0
70,ramp_to_2sigma,cusum,0.05,True,0.52,True,49.0,49.0
71,stable,imr,0.01,True,0.0,,,
71,stable,ewma,0.0,False,0.0,,,
71,stable,cusum,0.0,False,0.0,,,
71,step_1sigma,imr,0.01,True,0.0,False,,101.0
71,step_1sigma,ewma,0.0,False,0.18,True,10.0,10.0
71,step_1sigma,cusum,0.0,False,0.91,True,10.0,10.0
71,ramp_to_2sigma,imr,0.01,True,0.0,False,,101.0
71,ramp_to_2sigma,ewma,0.0,False,0.38,True,30.0,30.0
71,ramp_to_2sigma,cusum,0.0,False,0.46,True,31.0,31.0
72,stable,imr,0.0,False,0.0,,,
72,stable,ewma,0.0,False,0.0,,,
72,stable,cusum,0.0,False,0.05,,,
72,step_1sigma,imr,0.0,False,0.01,True,5.0,5.0
72,step_1sigma,ewma,0.0,False,0.63,True,5.0,5.0
72,step_1sigma,cusum,0.0,False,0.96,True,5.0,5.0
72,ramp_to_2sigma,imr,0.0,False,0.01,True,74.0,74.0
72,ramp_to_2sigma,ewma,0.0,False,0.55,True,21.0,21.0
72,ramp_to_2sigma,cusum,0.0,False,0.88,True,9.0,9.0
73,stable,imr,0.01,True,0.0,,,
73,stable,ewma,0.0,False,0.0,,,
73,stable,cusum,0.0,False,0.0,,,
73,step_1sigma,imr,0.01,True,0.01,True,37.0,37.0
73,step_1sigma,ewma,0.0,False,0.37,True,15.0,15.0
73,step_1sigma,cusum,0.0,False,0.86,True,15.0,15.0
73,ramp_to_2sigma,imr,0.01,True,0.02,True,96.0,96.0
73,ramp_to_2sigma,ewma,0.0,False,0.34,True,24.0,24.0
73,ramp_to_2sigma,cusum,0.0,False,0.75,True,24.0,24.0
74,stable,imr,0.03,True,0.01,,,
74,stable,ewma,0.0,False,0.0,,,
74,stable,cusum,0.03,True,0.01,,,
74,step_1sigma,imr,0.03,True,0.09,True,1.0,1.0
74,step_1sigma,ewma,0.0,False,0.54,True,21.0,21.0
74,step_1sigma,cusum,0.03,True,0.8,True,21.0,21.0
74,ramp_to_2sigma,imr,0.03,True,0.11,True,30.0,30.0
74,ramp_to_2sigma,ewma,0.0,False,0.46,True,42.0,42.0
74,ramp_to_2sigma,cusum,0.03,True,0.6,True,9.0,9.0
75,stable,imr,0.0,False,0.0,,,
75,stable,ewma,0.0,False,0.0,,,
75,stable,cusum,0.0,False,0.0,,,
75,step_1sigma,imr,0.0,False,0.06,True,34.0,34.0
75,step_1sigma,ewma,0.0,False,0.43,True,5.0,5.0
75,step_1sigma,cusum,0.0,False,0.96,True,5.0,5.0
75,ramp_to_2sigma,imr,0.0,False,0.06,True,44.0,44.0
75,ramp_to_2sigma,ewma,0.0,False,0.43,True,44.0,44.0
75,ramp_to_2sigma,cusum,0.0,False,0.59,True,42.0,42.0
76,stable,imr,0.01,True,0.01,,,
76,stable,ewma,0.0,False,0.0,,,
76,stable,cusum,0.0,False,0.0,,,
76,step_1sigma,imr,0.01,True,0.01,True,14.0,14.0
76,step_1sigma,ewma,0.0,False,0.57,True,19.0,19.0
76,step_1sigma,cusum,0.0,False,0.8,True,19.0,19.0
76,ramp_to_2sigma,imr,0.01,True,0.07,True,14.0,14.0
76,ramp_to_2sigma,ewma,0.0,False,0.51,True,43.0,43.0
76,ramp_to_2sigma,cusum,0.0,False,0.57,True,43.0,43.0
77,stable,imr,0.01,True,0.01,,,
77,stable,ewma,0.0,False,0.0,,,
77,stable,cusum,0.0,False,0.0,,,
77,step_1sigma,imr,0.01,True,0.03,True,30.0,30.0
77,step_1sigma,ewma,0.0,False,0.36,True,24.0,24.0
77,step_1sigma,cusum,0.0,False,0.78,True,23.0,23.0
77,ramp_to_2sigma,imr,0.01,True,0.04,True,54.0,54.0
77,ramp_to_2sigma,ewma,0.0,False,0.38,True,44.0,44.0
77,ramp_to_2sigma,cusum,0.0,False,0.6,True,41.0,41.0
78,stable,imr,0.01,True,0.0,,,
78,stable,ewma,0.0,False,0.0,,,
78,stable,cusum,0.0,False,0.0,,,
78,step_1sigma,imr,0.01,True,0.02,True,65.0,65.0
78,step_1sigma,ewma,0.0,False,0.64,True,8.0,8.0
78,step_1sigma,cusum,0.0,False,0.92,True,9.0,9.0
78,ramp_to_2sigma,imr,0.01,True,0.06,True,65.0,65.0
78,ramp_to_2sigma,ewma,0.0,False,0.47,True,38.0,38.0
78,ramp_to_2sigma,cusum,0.0,False,0.64,True,37.0,37.0
79,stable,imr,0.02,True,0.04,,,
79,stable,ewma,0.01,True,0.0,,,
79,stable,cusum,0.01,True,0.0,,,
79,step_1sigma,imr,0.02,True,0.07,True,5.0,5.0
79,step_1sigma,ewma,0.01,True,0.61,True,5.0,5.0
79,step_1sigma,cusum,0.01,True,0.96,True,5.0,5.0
79,ramp_to_2sigma,imr,0.02,True,0.08,True,5.0,5.0
79,ramp_to_2sigma,ewma,0.01,True,0.59,True,29.0,29.0
79,ramp_to_2sigma,cusum,0.01,True,0.72,True,29.0,29.0
80,stable,imr,0.02,True,0.0,,,
80,stable,ewma,0.0,False,0.0,,,
80,stable,cusum,0.0,False,0.0,,,
80,step_1sigma,imr,0.02,True,0.0,False,,101.0
80,step_1sigma,ewma,0.0,False,0.16,True,5.0,5.0
80,step_1sigma,cusum,0.0,False,0.84,True,5.0,5.0
80,ramp_to_2sigma,imr,0.02,True,0.01,True,95.0,95.0
80,ramp_to_2sigma,ewma,0.0,False,0.29,True,61.0,61.0
80,ramp_to_2sigma,cusum,0.0,False,0.33,True,61.0,61.0
81,stable,imr,0.01,True,0.0,,,
81,stable,ewma,0.0,False,0.0,,,
81,stable,cusum,0.0,False,0.0,,,
81,step_1sigma,imr,0.01,True,0.01,True,87.0,87.0
81,step_1sigma,ewma,0.0,False,0.49,True,17.0,17.0
81,step_1sigma,cusum,0.0,False,0.84,True,17.0,17.0
81,ramp_to_2sigma,imr,0.01,True,0.03,True,87.0,87.0
81,ramp_to_2sigma,ewma,0.0,False,0.5,True,41.0,41.0
81,ramp_to_2sigma,cusum,0.0,False,0.6,True,41.0,41.0
82,stable,imr,0.02,True,0.0,,,
82,stable,ewma,0.01,True,0.0,,,
82,stable,cusum,0.05,True,0.0,,,
82,step_1sigma,imr,0.02,True,0.03,True,3.0,3.0
82,step_1sigma,ewma,0.01,True,0.72,True,3.0,3.0
82,step_1sigma,cusum,0.05,True,0.97,True,3.0,3.0
82,ramp_to_2sigma,imr,0.02,True,0.06,True,68.0,68.0
82,ramp_to_2sigma,ewma,0.01,True,0.54,True,32.0,32.0
82,ramp_to_2sigma,cusum,0.05,True,0.7,True,31.0,31.0
83,stable,imr,0.02,True,0.0,,,
83,stable,ewma,0.0,False,0.02,,,
83,stable,cusum,0.0,False,0.04,,,
83,step_1sigma,imr,0.02,True,0.01,True,73.0,73.0
83,step_1sigma,ewma,0.0,False,0.36,True,6.0,6.0
83,step_1sigma,cusum,0.0,False,0.95,True,6.0,6.0
83,ramp_to_2sigma,imr,0.02,True,0.04,True,62.0,62.0
83,ramp_to_2sigma,ewma,0.0,False,0.41,True,58.0,58.0
83,ramp_to_2sigma,cusum,0.0,False,0.42,True,58.0,58.0
84,stable,imr,0.03,True,0.01,,,
84,stable,ewma,0.02,True,0.0,,,
84,stable,cusum,0.01,True,0.0,,,
84,step_1sigma,imr,0.03,True,0.06,True,5.0,5.0
84,step_1sigma,ewma,0.02,True,0.58,True,8.0,8.0
84,step_1sigma,cusum,0.01,True,0.93,True,8.0,8.0
84,ramp_to_2sigma,imr,0.03,True,0.08,True,5.0,5.0
84,ramp_to_2sigma,ewma,0.02,True,0.41,True,41.0,41.0
84,ramp_to_2sigma,cusum,0.01,True,0.53,True,41.0,41.0
85,stable,imr,0.01,True,0.01,,,
85,stable,ewma,0.01,True,0.0,,,
85,stable,cusum,0.04,True,0.0,,,
85,step_1sigma,imr,0.01,True,0.06,True,24.0,24.0
85,step_1sigma,ewma,0.01,True,0.58,True,8.0,8.0
85,step_1sigma,cusum,0.04,True,0.93,True,8.0,8.0
85,ramp_to_2sigma,imr,0.01,True,0.06,True,54.0,54.0
85,ramp_to_2sigma,ewma,0.01,True,0.57,True,16.0,16.0
85,ramp_to_2sigma,cusum,0.04,True,0.79,True,22.0,22.0
86,stable,imr,0.0,False,0.01,,,
86,stable,ewma,0.0,False,0.0,,,
86,stable,cusum,0.0,False,0.0,,,
86,step_1sigma,imr,0.0,False,0.08,True,12.0,12.0
86,step_1sigma,ewma,0.0,False,0.6,True,12.0,12.0
86,step_1sigma,cusum,0.0,False,0.9,True,11.0,11.0
86,ramp_to_2sigma,imr,0.0,False,0.09,True,13.0,13.0
86,ramp_to_2sigma,ewma,0.0,False,0.56,True,13.0,13.0
86,ramp_to_2sigma,cusum,0.0,False,0.69,True,32.0,32.0
87,stable,imr,0.0,False,0.03,,,
87,stable,ewma,0.0,False,0.0,,,
87,stable,cusum,0.0,False,0.0,,,
87,step_1sigma,imr,0.0,False,0.06,True,12.0,12.0
87,step_1sigma,ewma,0.0,False,0.46,True,11.0,11.0
87,step_1sigma,cusum,0.0,False,0.88,True,11.0,11.0
87,ramp_to_2sigma,imr,0.0,False,0.09,True,13.0,13.0
87,ramp_to_2sigma,ewma,0.0,False,0.46,True,28.0,28.0
87,ramp_to_2sigma,cusum,0.0,False,0.59,True,28.0,28.0
88,stable,imr,0.02,True,0.04,,,
88,stable,ewma,0.0,False,0.0,,,
88,stable,cusum,0.0,False,0.01,,,
88,step_1sigma,imr,0.02,True,0.04,True,44.0,44.0
88,step_1sigma,ewma,0.0,False,0.41,True,19.0,19.0
88,step_1sigma,cusum,0.0,False,0.81,True,19.0,19.0
88,ramp_to_2sigma,imr,0.02,True,0.09,True,44.0,44.0
88,ramp_to_2sigma,ewma,0.0,False,0.52,True,40.0,40.0
88,ramp_to_2sigma,cusum,0.0,False,0.61,True,40.0,40.0
89,stable,imr,0.01,True,0.01,,,
89,stable,ewma,0.0,False,0.0,,,
89,stable,cusum,0.0,False,0.0,,,
89,step_1sigma,imr,0.01,True,0.02,True,31.0,31.0
89,step_1sigma,ewma,0.0,False,0.3,True,4.0,4.0
89,step_1sigma,cusum,0.0,False,0.91,True,4.0,4.0
89,ramp_to_2sigma,imr,0.01,True,0.05,True,31.0,31.0
89,ramp_to_2sigma,ewma,0.0,False,0.44,True,52.0,52.0
89,ramp_to_2sigma,cusum,0.0,False,0.49,True,30.0,30.0
90,stable,imr,0.01,True,0.0,,,
90,stable,ewma,0.02,True,0.0,,,
90,stable,cusum,0.11,True,0.0,,,
90,step_1sigma,imr,0.01,True,0.02,True,13.0,13.0
90,step_1sigma,ewma,0.02,True,0.57,True,13.0,13.0
90,step_1sigma,cusum,0.11,True,0.93,True,6.0,6.0
90,ramp_to_2sigma,imr,0.01,True,0.04,True,42.0,42.0
90,ramp_to_2sigma,ewma,0.02,True,0.49,True,32.0,32.0
90,ramp_to_2sigma,cusum,0.11,True,0.81,True,20.0,20.0
91,stable,imr,0.0,False,0.02,,,
91,stable,ewma,0.0,False,0.0,,,
91,stable,cusum,0.0,False,0.0,,,
91,step_1sigma,imr,0.0,False,0.02,True,43.0,43.0
91,step_1sigma,ewma,0.0,False,0.31,True,8.0,8.0
91,step_1sigma,cusum,0.0,False,0.92,True,8.0,8.0
91,ramp_to_2sigma,imr,0.0,False,0.02,True,43.0,43.0
91,ramp_to_2sigma,ewma,0.0,False,0.36,True,48.0,48.0
91,ramp_to_2sigma,cusum,0.0,False,0.57,True,43.0,43.0
92,stable,imr,0.01,True,0.0,,,
92,stable,ewma,0.0,False,0.0,,,
92,stable,cusum,0.0,False,0.0,,,
92,step_1sigma,imr,0.01,True,0.0,False,,101.0
92,step_1sigma,ewma,0.0,False,0.36,True,7.0,7.0
92,step_1sigma,cusum,0.0,False,0.94,True,7.0,7.0
92,ramp_to_2sigma,imr,0.01,True,0.01,True,74.0,74.0
92,ramp_to_2sigma,ewma,0.0,False,0.41,True,48.0,48.0
92,ramp_to_2sigma,cusum,0.0,False,0.6,True,30.0,30.0
93,stable,imr,0.01,True,0.0,,,
93,stable,ewma,0.0,False,0.0,,,
93,stable,cusum,0.0,False,0.0,,,
93,step_1sigma,imr,0.01,True,0.04,True,2.0,2.0
93,step_1sigma,ewma,0.0,False,0.64,True,3.0,3.0
93,step_1sigma,cusum,0.0,False,0.98,True,3.0,3.0
93,ramp_to_2sigma,imr,0.01,True,0.04,True,37.0,37.0
93,ramp_to_2sigma,ewma,0.0,False,0.47,True,19.0,19.0
93,ramp_to_2sigma,cusum,0.0,False,0.62,True,23.0,23.0
94,stable,imr,0.0,False,0.0,,,
94,stable,ewma,0.0,False,0.0,,,
94,stable,cusum,0.0,False,0.0,,,
94,step_1sigma,imr,0.0,False,0.0,False,,101.0
94,step_1sigma,ewma,0.0,False,0.27,True,14.0,14.0
94,step_1sigma,cusum,0.0,False,0.87,True,14.0,14.0
94,ramp_to_2sigma,imr,0.0,False,0.02,True,86.0,86.0
94,ramp_to_2sigma,ewma,0.0,False,0.25,True,49.0,49.0
94,ramp_to_2sigma,cusum,0.0,False,0.46,True,49.0,49.0
95,stable,imr,0.01,True,0.01,,,
95,stable,ewma,0.0,False,0.0,,,
95,stable,cusum,0.0,False,0.0,,,
95,step_1sigma,imr,0.01,True,0.05,True,40.0,40.0
95,step_1sigma,ewma,0.0,False,0.49,True,5.0,5.0
95,step_1sigma,cusum,0.0,False,0.74,True,5.0,5.0
95,ramp_to_2sigma,imr,0.01,True,0.07,True,40.0,40.0
95,ramp_to_2sigma,ewma,0.0,False,0.55,True,41.0,41.0
95,ramp_to_2sigma,cusum,0.0,False,0.58,True,41.0,41.0
96,stable,imr,0.01,True,0.0,,,
96,stable,ewma,0.0,False,0.0,,,
96,stable,cusum,0.0,False,0.0,,,
96,step_1sigma,imr,0.01,True,0.02,True,48.0,48.0
96,step_1sigma,ewma,0.0,False,0.42,True,6.0,6.0
96,step_1sigma,cusum,0.0,False,0.97,True,4.0,4.0
96,ramp_to_2sigma,imr,0.01,True,0.06,True,48.0,48.0
96,ramp_to_2sigma,ewma,0.0,False,0.51,True,48.0,48.0
96,ramp_to_2sigma,cusum,0.0,False,0.53,True,48.0,48.0
97,stable,imr,0.0,False,0.0,,,
97,stable,ewma,0.03,True,0.01,,,
97,stable,cusum,0.05,True,0.0,,,
97,step_1sigma,imr,0.0,False,0.0,False,,101.0
97,step_1sigma,ewma,0.03,True,0.35,True,17.0,17.0
97,step_1sigma,cusum,0.05,True,0.64,True,17.0,17.0
97,ramp_to_2sigma,imr,0.0,False,0.03,True,65.0,65.0
97,ramp_to_2sigma,ewma,0.03,True,0.5,True,48.0,48.0
97,ramp_to_2sigma,cusum,0.05,True,0.53,True,48.0,48.0
98,stable,imr,0.01,True,0.0,,,
98,stable,ewma,0.01,True,0.0,,,
98,stable,cusum,0.02,True,0.0,,,
98,step_1sigma,imr,0.01,True,0.0,False,,101.0
98,step_1sigma,ewma,0.01,True,0.4,True,7.0,7.0
98,step_1sigma,cusum,0.02,True,0.94,True,7.0,7.0
98,ramp_to_2sigma,imr,0.01,True,0.0,False,,101.0
98,ramp_to_2sigma,ewma,0.01,True,0.48,True,49.0,49.0
98,ramp_to_2sigma,cusum,0.02,True,0.54,True,35.0,35.0
99,stable,imr,0.02,True,0.0,,,
99,stable,ewma,0.0,False,0.0,,,
99,stable,cusum,0.0,False,0.0,,,
99,step_1sigma,imr,0.02,True,0.0,False,,101.0
99,step_1sigma,ewma,0.0,False,0.41,True,4.0,4.0
99,step_1sigma,cusum,0.0,False,0.97,True,4.0,4.0
99,ramp_to_2sigma,imr,0.02,True,0.03,True,92.0,92.0
99,ramp_to_2sigma,ewma,0.0,False,0.42,True,59.0,59.0
99,ramp_to_2sigma,cusum,0.0,False,0.42,True,59.0,59.0
100,stable,imr,0.0,False,0.0,,,
100,stable,ewma,0.0,False,0.0,,,
100,stable,cusum,0.0,False,0.0,,,
100,step_1sigma,imr,0.0,False,0.02,True,16.0,16.0
100,step_1sigma,ewma,0.0,False,0.55,True,6.0,6.0
100,step_1sigma,cusum,0.0,False,0.94,True,6.0,6.0
100,ramp_to_2sigma,imr,0.0,False,0.03,True,63.0,63.0
100,ramp_to_2sigma,ewma,0.0,False,0.47,True,47.0,47.0
100,ramp_to_2sigma,cusum,0.0,False,0.54,True,47.0,47.0
101,stable,imr,0.0,False,0.02,,,
101,stable,ewma,0.01,True,0.0,,,
101,stable,cusum,0.01,True,0.0,,,
101,step_1sigma,imr,0.0,False,0.03,True,27.0,27.0
101,step_1sigma,ewma,0.01,True,0.54,True,12.0,12.0
101,step_1sigma,cusum,0.01,True,0.89,True,12.0,12.0
101,ramp_to_2sigma,imr,0.0,False,0.07,True,27.0,27.0
101,ramp_to_2sigma,ewma,0.01,True,0.44,True,26.0,26.0
101,ramp_to_2sigma,cusum,0.01,True,0.57,True,26.0,26.0
102,stable,imr,0.0,False,0.04,,,
102,stable,ewma,0.0,False,0.02,,,
102,stable,cusum,0.0,False,0.05,,,
102,step_1sigma,imr,0.0,False,0.07,True,8.0,8.0
102,step_1sigma,ewma,0.0,False,0.4,True,14.0,14.0
102,step_1sigma,cusum,0.0,False,0.88,True,13.0,13.0
102,ramp_to_2sigma,imr,0.0,False,0.12,True,8.0,8.0
102,ramp_to_2sigma,ewma,0.0,False,0.39,True,23.0,23.0
102,ramp_to_2sigma,cusum,0.0,False,0.53,True,23.0,23.0
103,stable,imr,0.01,True,0.02,,,
103,stable,ewma,0.01,True,0.0,,,
103,stable,cusum,0.04,True,0.0,,,
103,step_1sigma,imr,0.01,True,0.03,True,19.0,19.0
103,step_1sigma,ewma,0.01,True,0.31,True,19.0,19.0
103,step_1sigma,cusum,0.04,True,0.79,True,22.0,22.0
103,ramp_to_2sigma,imr,0.01,True,0.03,True,60.0,60.0
103,ramp_to_2sigma,ewma,0.01,True,0.37,True,29.0,29.0
103,ramp_to_2sigma,cusum,0.04,True,0.42,True,29.0,29.0
104,stable,imr,0.02,True,0.02,,,
104,stable,ewma,0.0,False,0.0,,,
104,stable,cusum,0.04,True,0.0,,,
104,step_1sigma,imr,0.02,True,0.04,True,25.0,25.0
104,step_1sigma,ewma,0.0,False,0.45,True,6.0,6.0
104,step_1sigma,cusum,0.04,True,0.95,True,6.0,6.0
104,ramp_to_2sigma,imr,0.02,True,0.06,True,49.0,49.0
104,ramp_to_2sigma,ewma,0.0,False,0.39,True,62.0,62.0
104,ramp_to_2sigma,cusum,0.04,True,0.38,True,63.0,63.0
105,stable,imr,0.02,True,0.01,,,
105,stable,ewma,0.0,False,0.0,,,
105,stable,cusum,0.0,False,0.0,,,
105,step_1sigma,imr,0.02,True,0.04,True,3.0,3.0
105,step_1sigma,ewma,0.0,False,0.43,True,15.0,15.0
105,step_1sigma,cusum,0.0,False,0.82,True,15.0,15.0
105,ramp_to_2sigma,imr,0.02,True,0.04,True,57.0,57.0
105,ramp_to_2sigma,ewma,0.0,False,0.41,True,32.0,32.0
105,ramp_to_2sigma,cusum,0.0,False,0.59,True,36.0,36.0
106,stable,imr,0.05,True,0.01,,,
106,stable,ewma,0.0,False,0.0,,,
106,stable,cusum,0.04,True,0.0,,,
106,step_1sigma,imr,0.05,True,0.0,False,,101.0
106,step_1sigma,ewma,0.0,False,0.4,True,17.0,17.0
106,step_1sigma,cusum,0.04,True,0.85,True,16.0,16.0
106,ramp_to_2sigma,imr,0.05,True,0.03,True,85.0,85.0
106,ramp_to_2sigma,ewma,0.0,False,0.47,True,44.0,44.0
106,ramp_to_2sigma,cusum,0.04,True,0.56,True,45.0,45.0
107,stable,imr,0.0,False,0.03,,,
107,stable,ewma,0.0,False,0.0,,,
107,stable,cusum,0.01,True,0.0,,,
107,step_1sigma,imr,0.0,False,0.04,True,26.0,26.0
107,step_1sigma,ewma,0.0,False,0.19,True,42.0,42.0
107,step_1sigma,cusum,0.01,True,0.63,True,38.0,38.0
107,ramp_to_2sigma,imr,0.0,False,0.05,True,26.0,26.0
107,ramp_to_2sigma,ewma,0.0,False,0.45,True,44.0,44.0
107,ramp_to_2sigma,cusum,0.01,True,0.55,True,46.0,46.0
108,stable,imr,0.02,True,0.01,,,
108,stable,ewma,0.0,False,0.0,,,
108,stable,cusum,0.0,False,0.0,,,
108,step_1sigma,imr,0.02,True,0.02,True,95.0,95.0
108,step_1sigma,ewma,0.0,False,0.63,True,7.0,7.0
108,step_1sigma,cusum,0.0,False,0.94,True,7.0,7.0
108,ramp_to_2sigma,imr,0.02,True,0.06,True,77.0,77.0
108,ramp_to_2sigma,ewma,0.0,False,0.45,True,44.0,44.0
108,ramp_to_2sigma,cusum,0.0,False,0.57,True,44.0,44.0
109,stable,imr,0.05,True,0.02,,,
109,stable,ewma,0.0,False,0.0,,,
109,stable,cusum,0.0,False,0.01,,,
109,step_1sigma,imr,0.05,True,0.04,True,35.0,35.0
109,step_1sigma,ewma,0.0,False,0.49,True,7.0,7.0
109,step_1sigma,cusum,0.0,False,0.94,True,7.0,7.0
109,ramp_to_2sigma,imr,0.05,True,0.07,True,48.0,48.0
109,ramp_to_2sigma,ewma,0.0,False,0.52,True,42.0,42.0
109,ramp_to_2sigma,cusum,0.0,False,0.6,True,41.0,41.0
110,stable,imr,0.02,True,0.07,,,
110,stable,ewma,0.01,True,0.0,,,
110,stable,cusum,0.0,False,0.01,,,
110,step_1sigma,imr,0.02,True,0.1,True,13.0,13.0
110,step_1sigma,ewma,0.01,True,0.55,True,14.0,14.0
110,step_1sigma,cusum,0.0,False,0.87,True,14.0,14.0
110,ramp_to_2sigma,imr,0.02,True,0.11,True,30.0,30.0
110,ramp_to_2sigma,ewma,0.01,True,0.52,True,38.0,38.0
110,ramp_to_2sigma,cusum,0.0,False,0.63,True,38.0,38.0
111,stable,imr,0.02,True,0.04,,,
111,stable,ewma,0.05,True,0.11,,,
111,stable,cusum,0.12,True,0.16,,,
111,step_1sigma,imr,0.02,True,0.03,True,78.0,78.0
111,step_1sigma,ewma,0.05,True,0.34,True,30.0,30.0
111,step_1sigma,cusum,0.12,True,0.73,True,14.0,14.0
111,ramp_to_2sigma,imr,0.02,True,0.04,True,78.0,78.0
111,ramp_to_2sigma,ewma,0.05,True,0.47,True,44.0,44.0
111,ramp_to_2sigma,cusum,0.12,True,0.58,True,43.0,43.0
112,stable,imr,0.0,False,0.0,,,
112,stable,ewma,0.0,False,0.02,,,
112,stable,cusum,0.0,False,0.01,,,
112,step_1sigma,imr,0.0,False,0.0,False,,101.0
112,step_1sigma,ewma,0.0,False,0.17,True,83.0,83.0
112,step_1sigma,cusum,0.0,False,0.49,True,35.0,35.0
112,ramp_to_2sigma,imr,0.0,False,0.04,True,62.0,62.0
112,ramp_to_2sigma,ewma,0.0,False,0.3,True,58.0,58.0
112,ramp_to_2sigma,cusum,0.0,False,0.41,True,58.0,58.0
113,stable,imr,0.03,True,0.02,,,
113,stable,ewma,0.0,False,0.02,,,
113,stable,cusum,0.0,False,0.06,,,
113,step_1sigma,imr,0.03,True,0.03,True,5.0,5.0
113,step_1sigma,ewma,0.0,False,0.18,True,36.0,36.0
113,step_1sigma,cusum,0.0,False,0.53,True,33.0,33.0
113,ramp_to_2sigma,imr,0.03,True,0.04,True,5.0,5.0
113,ramp_to_2sigma,ewma,0.0,False,0.44,True,55.0,55.0
113,ramp_to_2sigma,cusum,0.0,False,0.45,True,56.0,56.0
114,stable,imr,0.02,True,0.03,,,
114,stable,ewma,0.0,False,0.0,,,
114,stable,cusum,0.0,False,0.0,,,
114,step_1sigma,imr,0.02,True,0.04,True,17.0,17.0
114,step_1sigma,ewma,0.0,False,0.48,True,6.0,6.0
114,step_1sigma,cusum,0.0,False,0.95,True,6.0,6.0
114,ramp_to_2sigma,imr,0.02,True,0.04,True,35.0,35.0
114,ramp_to_2sigma,ewma,0.0,False,0.49,True,18.0,18.0
114,ramp_to_2sigma,cusum,0.0,False,0.66,True,35.0,35.0
115,stable,imr,0.0,False,0.02,,,
115,stable,ewma,0.0,False,0.0,,,
115,stable,cusum,0.0,False,0.0,,,
115,step_1sigma,imr,0.0,False,0.02,True,39.0,39.0
115,step_1sigma,ewma,0.0,False,0.29,True,8.0,8.0
115,step_1sigma,cusum,0.0,False,0.93,True,8.0,8.0
115,ramp_to_2sigma,imr,0.0,False,0.03,True,39.0,39.0
115,ramp_to_2sigma,ewma,0.0,False,0.32,True,39.0,39.0
115,ramp_to_2sigma,cusum,0.0,False,0.53,True,40.0,40.0
116,stable,imr,0.01,True,0.02,,,
116,stable,ewma,0.0,False,0.0,,,
116,stable,cusum,0.0,False,0.0,,,
116,step_1sigma,imr,0.01,True,0.03,True,31.0,31.0
116,step_1sigma,ewma,0.0,False,0.45,True,16.0,16.0
116,step_1sigma,cusum,0.0,False,0.85,True,16.0,16.0
116,ramp_to_2sigma,imr,0.01,True,0.05,True,31.0,31.0
116,ramp_to_2sigma,ewma,0.0,False,0.47,True,41.0,41.0
116,ramp_to_2sigma,cusum,0.0,False,0.6,True,41.0,41.0
117,stable,imr,0.0,False,0.03,,,
117,stable,ewma,0.0,False,0.0,,,
117,stable,cusum,0.04,True,0.0,,,
117,step_1sigma,imr,0.0,False,0.03,True,25.0,25.0
117,step_1sigma,ewma,0.0,False,0.7,True,11.0,11.0
117,step_1sigma,cusum,0.04,True,0.88,True,13.0,13.0
117,ramp_to_2sigma,imr,0.0,False,0.06,True,74.0,74.0
117,ramp_to_2sigma,ewma,0.0,False,0.57,True,36.0,36.0
117,ramp_to_2sigma,cusum,0.04,True,0.65,True,36.0,36.0
118,stable,imr,0.0,False,0.0,,,
118,stable,ewma,0.0,False,0.0,,,
118,stable,cusum,0.05,True,0.0,,,
118,step_1sigma,imr,0.0,False,0.0,False,,101.0
118,step_1sigma,ewma,0.0,False,0.48,True,12.0,12.0
118,step_1sigma,cusum,0.05,True,0.89,True,12.0,12.0
118,ramp_to_2sigma,imr,0.0,False,0.02,True,86.0,86.0
118,ramp_to_2sigma,ewma,0.0,False,0.52,True,35.0,35.0
118,ramp_to_2sigma,cusum,0.05,True,0.62,True,39.0,39.0
119,stable,imr,0.0,False,0.0,,,
119,stable,ewma,0.0,False,0.0,,,
119,stable,cusum,0.0,False,0.0,,,
119,step_1sigma,imr,0.0,False,0.01,True,41.0,41.0
119,step_1sigma,ewma,0.0,False,0.58,True,6.0,6.0
119,step_1sigma,cusum,0.0,False,0.95,True,6.0,6.0
119,ramp_to_2sigma,imr,0.0,False,0.03,True,41.0,41.0
119,ramp_to_2sigma,ewma,0.0,False,0.57,True,24.0,24.0
119,ramp_to_2sigma,cusum,0.0,False,0.77,True,24.0,24.0
120,stable,imr,0.01,True,0.0,,,
120,stable,ewma,0.0,False,0.0,,,
120,stable,cusum,0.0,False,0.0,,,
120,step_1sigma,imr,0.01,True,0.01,True,94.0,94.0
120,step_1sigma,ewma,0.0,False,0.62,True,7.0,7.0
120,step_1sigma,cusum,0.0,False,0.94,True,7.0,7.0
120,ramp_to_2sigma,imr,0.01,True,0.02,True,75.0,75.0
120,ramp_to_2sigma,ewma,0.0,False,0.51,True,38.0,38.0
120,ramp_to_2sigma,cusum,0.0,False,0.61,True,38.0,38.0
121,stable,imr,0.01,True,0.0,,,
121,stable,ewma,0.02,True,0.0,,,
121,stable,cusum,0.0,False,0.0,,,
121,step_1sigma,imr,0.01,True,0.0,False,,101.0
121,step_1sigma,ewma,0.02,True,0.34,True,20.0,20.0
121,step_1sigma,cusum,0.0,False,0.84,True,17.0,17.0
121,ramp_to_2sigma,imr,0.01,True,0.0,False,,101.0
121,ramp_to_2sigma,ewma,0.02,True,0.43,True,27.0,27.0
121,ramp_to_2sigma,cusum,0.0,False,0.74,True,27.0,27.0
122,stable,imr,0.01,True,0.0,,,
122,stable,ewma,0.0,False,0.0,,,
122,stable,cusum,0.0,False,0.0,,,
122,step_1sigma,imr,0.01,True,0.01,True,89.0,89.0
122,step_1sigma,ewma,0.0,False,0.36,True,23.0,23.0
122,step_1sigma,cusum,0.0,False,0.78,True,23.0,23.0
122,ramp_to_2sigma,imr,0.01,True,0.03,True,62.0,62.0
122,ramp_to_2sigma,ewma,0.0,False,0.44,True,55.0,55.0
122,ramp_to_2sigma,cusum,0.0,False,0.45,True,55.0,55.0
123,stable,imr,0.03,True,0.0,,,
123,stable,ewma,0.0,False,0.03,,,
123,stable,cusum,0.0,False,0.11,,,
123,step_1sigma,imr,0.03,True,0.04,True,9.0,9.0
123,step_1sigma,ewma,0.0,False,0.66,True,5.0,5.0
123,step_1sigma,cusum,0.0,False,0.97,True,4.0,4.0
123,ramp_to_2sigma,imr,0.03,True,0.03,True,22.0,22.0
123,ramp_to_2sigma,ewma,0.0,False,0.64,True,23.0,23.0
123,ramp_to_2sigma,cusum,0.0,False,0.78,True,23.0,23.0
124,stable,imr,0.01,True,0.0,,,
124,stable,ewma,0.0,False,0.0,,,
124,stable,cusum,0.0,False,0.0,,,
124,step_1sigma,imr,0.01,True,0.0,False,,101.0
124,step_1sigma,ewma,0.0,False,0.34,True,27.0,27.0
124,step_1sigma,cusum,0.0,False,0.79,True,21.0,21.0
124,ramp_to_2sigma,imr,0.01,True,0.03,True,97.0,97.0
124,ramp_to_2sigma,ewma,0.0,False,0.41,True,47.0,47.0
124,ramp_to_2sigma,cusum,0.0,False,0.52,True,34.0,34.0
125,stable,imr,0.0,False,0.0,,,
125,stable,ewma,0.0,False,0.0,,,
125,stable,cusum,0.0,False,0.0,,,
125,step_1sigma,imr,0.0,False,0.01,True,85.0,85.0
125,step_1sigma,ewma,0.0,False,0.55,True,24.0,24.0
125,step_1sigma,cusum,0.0,False,0.78,True,23.0,23.0
125,ramp_to_2sigma,imr,0.0,False,0.02,True,85.0,85.0
125,ramp_to_2sigma,ewma,0.0,False,0.48,True,27.0,27.0
125,ramp_to_2sigma,cusum,0.0,False,0.74,True,27.0,27.0
126,stable,imr,0.01,True,0.02,,,
126,stable,ewma,0.0,False,0.0,,,
126,stable,cusum,0.0,False,0.0,,,
126,step_1sigma,imr,0.01,True,0.02,True,9.0,9.0
126,step_1sigma,ewma,0.0,False,0.3,True,9.0,9.0
126,step_1sigma,cusum,0.0,False,0.91,True,9.0,9.0
126,ramp_to_2sigma,imr,0.01,True,0.04,True,9.0,9.0
126,ramp_to_2sigma,ewma,0.0,False,0.31,True,39.0,39.0
126,ramp_to_2sigma,cusum,0.0,False,0.47,True,39.0,39.0
127,stable,imr,0.0,False,0.01,,,
127,stable,ewma,0.0,False,0.0,,,
127,stable,cusum,0.0,False,0.0,,,
127,step_1sigma,imr,0.0,False,0.0,False,,101.0
127,step_1sigma,ewma,0.0,False,0.49,True,12.0,12.0
127,step_1sigma,cusum,0.0,False,0.95,True,6.0,6.0
127,ramp_to_2sigma,imr,0.0,False,0.04,True,65.0,65.0
127,ramp_to_2sigma,ewma,0.0,False,0.48,True,35.0,35.0
127,ramp_to_2sigma,cusum,0.0,False,0.66,True,35.0,35.0
128,stable,imr,0.06,True,0.0,,,
128,stable,ewma,0.0,False,0.0,,,
128,stable,cusum,0.0,False,0.02,,,
128,step_1sigma,imr,0.06,True,0.05,True,16.0,16.0
128,step_1sigma,ewma,0.0,False,0.52,True,8.0,8.0
128,step_1sigma,cusum,0.0,False,0.93,True,8.0,8.0
128,ramp_to_2sigma,imr,0.06,True,0.08,True,54.0,54.0
128,ramp_to_2sigma,ewma,0.0,False,0.4,True,54.0,54.0
128,ramp_to_2sigma,cusum,0.0,False,0.49,True,16.0,16.0
129,stable,imr,0.04,True,0.01,,,
129,stable,ewma,0.0,False,0.01,,,
129,stable,cusum,0.0,False,0.01,,,
129,step_1sigma,imr,0.04,True,0.04,True,20.0,20.0
129,step_1sigma,ewma,0.0,False,0.61,True,6.0,6.0
129,step_1sigma,cusum,0.0,False,0.95,True,6.0,6.0
129,ramp_to_2sigma,imr,0.04,True,0.09,True,64.0,64.0
129,ramp_to_2sigma,ewma,0.0,False,0.53,True,22.0,22.0
129,ramp_to_2sigma,cusum,0.0,False,0.66,True,22.0,22.0
130,stable,imr,0.0,False,0.02,,,
130,stable,ewma,0.0,False,0.0,,,
130,stable,cusum,0.0,False,0.01,,,
130,step_1sigma,imr,0.0,False,0.07,True,14.0,14.0
130,step_1sigma,ewma,0.0,False,0.52,True,14.0,14.0
130,step_1sigma,cusum,0.0,False,0.89,True,12.0,12.0
130,ramp_to_2sigma,imr,0.0,False,0.09,True,17.0,17.0
130,ramp_to_2sigma,ewma,0.0,False,0.49,True,17.0,17.0
130,ramp_to_2sigma,cusum,0.0,False,0.67,True,17.0,17.0
131,stable,imr,0.02,True,0.02,,,
131,stable,ewma,0.0,False,0.0,,,
131,stable,cusum,0.0,False,0.0,,,
131,step_1sigma,imr,0.02,True,0.03,True,11.0,11.0
131,step_1sigma,ewma,0.0,False,0.42,True,11.0,11.0
131,step_1sigma,cusum,0.0,False,0.9,True,11.0,11.0
131,ramp_to_2sigma,imr,0.02,True,0.03,True,66.0,66.0
131,ramp_to_2sigma,ewma,0.0,False,0.46,True,43.0,43.0
131,ramp_to_2sigma,cusum,0.0,False,0.66,True,19.0,19.0
132,stable,imr,0.0,False,0.01,,,
132,stable,ewma,0.0,False,0.0,,,
132,stable,cusum,0.0,False,0.0,,,
132,step_1sigma,imr,0.0,False,0.02,True,62.0,62.0
132,step_1sigma,ewma,0.0,False,0.21,True,13.0,13.0
132,step_1sigma,cusum,0.0,False,0.85,True,13.0,13.0
132,ramp_to_2sigma,imr,0.0,False,0.04,True,62.0,62.0
132,ramp_to_2sigma,ewma,0.0,False,0.35,True,54.0,54.0
132,ramp_to_2sigma,cusum,0.0,False,0.5,True,50.0,50.0
133,stable,imr,0.01,True,0.01,,,
133,stable,ewma,0.0,False,0.0,,,
133,stable,cusum,0.0,False,0.03,,,
133,step_1sigma,imr,0.01,True,0.02,True,77.0,77.0
133,step_1sigma,ewma,0.0,False,0.49,True,22.0,22.0
133,step_1sigma,cusum,0.0,False,0.77,True,23.0,23.0
133,ramp_to_2sigma,imr,0.01,True,0.07,True,66.0,66.0
133,ramp_to_2sigma,ewma,0.0,False,0.49,True,32.0,32.0
133,ramp_to_2sigma,cusum,0.0,False,0.68,True,33.0,33.0
134,stable,imr,0.03,True,0.01,,,
134,stable,ewma,0.0,False,0.0,,,
134,stable,cusum,0.05,True,0.04,,,
134,step_1sigma,imr,0.03,True,0.03,True,44.0,44.0
134,step_1sigma,ewma,0.0,False,0.31,True,28.0,28.0
134,step_1sigma,cusum,0.05,True,0.72,True,28.0,28.0
134,ramp_to_2sigma,imr,0.03,True,0.07,True,77.0,77.0
134,ramp_to_2sigma,ewma,0.0,False,0.42,True,44.0,44.0
134,ramp_to_2sigma,cusum,0.05,True,0.57,True,3.0,3.0
135,stable,imr,0.01,True,0.01,,,
135,stable,ewma,0.0,False,0.01,,,
135,stable,cusum,0.0,False,0.03,,,
135,step_1sigma,imr,0.01,True,0.03,True,77.0,77.0
135,step_1sigma,ewma,0.0,False,0.52,True,13.0,13.0
135,step_1sigma,cusum,0.0,False,0.9,True,11.0,11.0
135,ramp_to_2sigma,imr,0.01,True,0.07,True,69.0,69.0
135,ramp_to_2sigma,ewma,0.0,False,0.42,True,39.0,39.0
135,ramp_to_2sigma,cusum,0.0,False,0.52,True,38.0,38.0
136,stable,imr,0.0,False,0.03,,,
136,stable,ewma,0.0,False,0.0,,,
136,stable,cusum,0.06,True,0.0,,,
136,step_1sigma,imr,0.0,False,0.06,True,6.0,6.0
136,step_1sigma,ewma,0.0,False,0.55,True,6.0,6.0
136,step_1sigma,cusum,0.06,True,0.95,True,6.0,6.0
136,ramp_to_2sigma,imr,0.0,False,0.1,True,6.0,6.0
136,ramp_to_2sigma,ewma,0.0,False,0.49,True,34.0,34.0
136,ramp_to_2sigma,cusum,0.06,True,0.62,True,34.0,34.0
137,stable,imr,0.02,True,0.01,,,
137,stable,ewma,0.0,False,0.0,,,
137,stable,cusum,0.0,False,0.0,,,
137,step_1sigma,imr,0.02,True,0.03,True,17.0,17.0
137,step_1sigma,ewma,0.0,False,0.53,True,3.0,3.0
137,step_1sigma,cusum,0.0,False,0.96,True,3.0,3.0
137,ramp_to_2sigma,imr,0.02,True,0.05,True,39.0,39.0
137,ramp_to_2sigma,ewma,0.0,False,0.45,True,39.0,39.0
137,ramp_to_2sigma,cusum,0.0,False,0.61,True,39.0,39.0
138,stable,imr,0.0,False,0.0,,,
138,stable,ewma,0.0,False,0.0,,,
138,stable,cusum,0.0,False,0.0,,,
138,step_1sigma,imr,0.0,False,0.0,False,,101.0
138,step_1sigma,ewma,0.0,False,0.85,True,8.0,8.0
138,step_1sigma,cusum,0.0,False,0.94,True,6.0,6.0
138,ramp_to_2sigma,imr,0.0,False,0.03,True,70.0,70.0
138,ramp_to_2sigma,ewma,0.0,False,0.74,True,26.0,26.0
138,ramp_to_2sigma,cusum,0.0,False,0.75,True,26.0,26.0
139,stable,imr,0.0,False,0.0,,,
139,stable,ewma,0.0,False,0.0,,,
139,stable,cusum,0.0,False,0.0,,,
139,step_1sigma,imr,0.0,False,0.0,False,,101.0
139,step_1sigma,ewma,0.0,False,0.34,True,12.0,12.0
139,step_1sigma,cusum,0.0,False,0.87,True,14.0,14.0
139,ramp_to_2sigma,imr,0.0,False,0.03,True,85.0,85.0
139,ramp_to_2sigma,ewma,0.0,False,0.29,True,50.0,50.0
139,ramp_to_2sigma,cusum,0.0,False,0.52,True,49.0,49.0
140,stable,imr,0.03,True,0.02,,,
140,stable,ewma,0.0,False,0.0,,,
140,stable,cusum,0.0,False,0.0,,,
140,step_1sigma,imr,0.03,True,0.05,True,9.0,9.0
140,step_1sigma,ewma,0.0,False,0.55,True,8.0,8.0
140,step_1sigma,cusum,0.0,False,0.94,True,6.0,6.0
140,ramp_to_2sigma,imr,0.03,True,0.06,True,9.0,9.0
140,ramp_to_2sigma,ewma,0.0,False,0.53,True,24.0,24.0
140,ramp_to_2sigma,cusum,0.0,False,0.74,True,23.0,23.0
141,stable,imr,0.0,False,0.0,,,
141,stable,ewma,0.0,False,0.0,,,
141,stable,cusum,0.0,False,0.0,,,
141,step_1sigma,imr,0.0,False,0.02,True,24.0,24.0
141,step_1sigma,ewma,0.0,False,0.39,True,8.0,8.0
141,step_1sigma,cusum,0.0,False,0.93,True,8.0,8.0
141,ramp_to_2sigma,imr,0.0,False,0.04,True,24.0,24.0
141,ramp_to_2sigma,ewma,0.0,False,0.53,True,47.0,47.0
141,ramp_to_2sigma,cusum,0.0,False,0.55,True,46.0,46.0
142,stable,imr,0.02,True,0.01,,,
142,stable,ewma,0.01,True,0.01,,,
142,stable,cusum,0.0,False,0.06,,,
142,step_1sigma,imr,0.02,True,0.03,True,42.0,42.0
142,step_1sigma,ewma,0.01,True,0.52,True,37.0,37.0
142,step_1sigma,cusum,0.0,False,0.67,True,26.0,26.0
142,ramp_to_2sigma,imr,0.02,True,0.05,True,42.0,42.0
142,ramp_to_2sigma,ewma,0.01,True,0.59,True,42.0,42.0
142,ramp_to_2sigma,cusum,0.0,False,0.59,True,42.0,42.0
143,stable,imr,0.01,True,0.04,,,
143,stable,ewma,0.0,False,0.01,,,
143,stable,cusum,0.0,False,0.02,,,
143,step_1sigma,imr,0.01,True,0.03,True,28.0,28.0
143,step_1sigma,ewma,0.0,False,0.21,True,7.0,7.0
143,step_1sigma,cusum,0.0,False,0.94,True,7.0,7.0
143,ramp_to_2sigma,imr,0.01,True,0.04,True,28.0,28.0
143,ramp_to_2sigma,ewma,0.0,False,0.38,True,43.0,43.0
143,ramp_to_2sigma,cusum,0.0,False,0.49,True,45.0,45.0
144,stable,imr,0.01,True,0.06,,,
144,stable,ewma,0.0,False,0.0,,,
144,stable,cusum,0.0,False,0.0,,,
144,step_1sigma,imr,0.01,True,0.08,True,11.0,11.0
144,step_1sigma,ewma,0.0,False,0.45,True,11.0,11.0
144,step_1sigma,cusum,0.0,False,0.9,True,11.0,11.0
144,ramp_to_2sigma,imr,0.01,True,0.08,True,30.0,30.0
144,ramp_to_2sigma,ewma,0.0,False,0.5,True,30.0,30.0
144,ramp_to_2sigma,cusum,0.0,False,0.62,True,32.0,32.0
145,stable,imr,0.02,True,0.03,,,
145,stable,ewma,0.0,False,0.0,,,
145,stable,cusum,0.0,False,0.0,,,
145,step_1sigma,imr,0.02,True,0.04,True,5.0,5.0
145,step_1sigma,ewma,0.0,False,0.7,True,5.0,5.0
145,step_1sigma,cusum,0.0,False,0.96,True,5.0,5.0
145,ramp_to_2sigma,imr,0.02,True,0.1,True,5.0,5.0
145,ramp_to_2sigma,ewma,0.0,False,0.58,True,31.0,31.0
145,ramp_to_2sigma,cusum,0.0,False,0.64,True,31.0,31.0
146,stable,imr,0.01,True,0.03,,,
146,stable,ewma,0.01,True,0.0,,,
146,stable,cusum,0.02,True,0.0,,,
146,step_1sigma,imr,0.01,True,0.06,True,2.0,2.0
146,step_1sigma,ewma,0.01,True,0.37,True,5.0,5.0
146,step_1sigma,cusum,0.02,True,0.94,True,5.0,5.0
146,ramp_to_2sigma,imr,0.01,True,0.1,True,9.0,9.0
146,ramp_to_2sigma,ewma,0.01,True,0.36,True,61.0,61.0
146,ramp_to_2sigma,cusum,0.02,True,0.5,True,46.0,46.0
147,stable,imr,0.0,False,0.0,,,
147,stable,ewma,0.0,False,0.0,,,
147,stable,cusum,0.0,False,0.0,,,
147,step_1sigma,imr,0.0,False,0.04,True,26.0,26.0
147,step_1sigma,ewma,0.0,False,0.62,True,3.0,3.0
147,step_1sigma,cusum,0.0,False,0.98,True,3.0,3.0
147,ramp_to_2sigma,imr,0.0,False,0.03,True,47.0,47.0
147,ramp_to_2sigma,ewma,0.0,False,0.52,True,47.0,47.0
147,ramp_to_2sigma,cusum,0.0,False,0.54,True,47.0,47.0
148,stable,imr,0.02,True,0.01,,,
148,stable,ewma,0.0,False,0.0,,,
148,stable,cusum,0.0,False,0.0,,,
148,step_1sigma,imr,0.02,True,0.02,True,62.0,62.0
148,step_1sigma,ewma,0.0,False,0.51,True,9.0,9.0
148,step_1sigma,cusum,0.0,False,0.94,True,2.0,2.0
148,ramp_to_2sigma,imr,0.02,True,0.06,True,62.0,62.0
148,ramp_to_2sigma,ewma,0.0,False,0.37,True,39.0,39.0
148,ramp_to_2sigma,cusum,0.0,False,0.62,True,39.0,39.0
149,stable,imr,0.0,False,0.02,,,
149,stable,ewma,0.0,False,0.0,,,
149,stable,cusum,0.02,True,0.0,,,
149,step_1sigma,imr,0.0,False,0.05,True,7.0,7.0
149,step_1sigma,ewma,0.0,False,0.51,True,8.0,8.0
149,step_1sigma,cusum,0.02,True,0.93,True,8.0,8.0
149,ramp_to_2sigma,imr,0.0,False,0.07,True,39.0,39.0
149,ramp_to_2sigma,ewma,0.0,False,0.5,True,48.0,48.0
149,ramp_to_2sigma,cusum,0.02,True,0.55,True,43.0,43.0
150,stable,imr,0.0,False,0.02,,,
150,stable,ewma,0.0,False,0.01,,,
150,stable,cusum,0.0,False,0.01,,,
150,step_1sigma,imr,0.0,False,0.02,True,57.0,57.0
150,step_1sigma,ewma,0.0,False,0.12,True,44.0,44.0
150,step_1sigma,cusum,0.0,False,0.73,True,24.0,24.0
150,ramp_to_2sigma,imr,0.0,False,0.03,True,57.0,57.0
150,ramp_to_2sigma,ewma,0.0,False,0.31,True,45.0,45.0
150,ramp_to_2sigma,cusum,0.0,False,0.49,True,52.0,52.0
151,stable,imr,0.0,False,0.0,,,
151,stable,ewma,0.0,False,0.0,,,
151,stable,cusum,0.0,False,0.0,,,
151,step_1sigma,imr,0.0,False,0.03,True,2.0,2.0
151,step_1sigma,ewma,0.0,False,0.75,True,5.0,5.0
151,step_1sigma,cusum,0.0,False,0.96,True,5.0,5.0
151,ramp_to_2sigma,imr,0.0,False,0.02,True,75.0,75.0
151,ramp_to_2sigma,ewma,0.0,False,0.67,True,31.0,31.0
151,ramp_to_2sigma,cusum,0.0,False,0.69,True,32.0,32.0
152,stable,imr,0.03,True,0.04,,,
152,stable,ewma,0.0,False,0.01,,,
152,stable,cusum,0.0,False,0.05,,,
152,step_1sigma,imr,0.03,True,0.08,True,11.0,11.0
152,step_1sigma,ewma,0.0,False,0.6,True,9.0,9.0
152,step_1sigma,cusum,0.0,False,0.92,True,9.0,9.0
152,ramp_to_2sigma,imr,0.03,True,0.13,True,11.0,11.0
152,ramp_to_2sigma,ewma,0.0,False,0.49,True,52.0,52.0
152,ramp_to_2sigma,cusum,0.0,False,0.48,True,53.0,53.0
153,stable,imr,0.01,True,0.0,,,
153,stable,ewma,0.0,False,0.0,,,
153,stable,cusum,0.0,False,0.0,,,
153,step_1sigma,imr,0.01,True,0.03,True,48.0,48.0
153,step_1sigma,ewma,0.0,False,0.35,True,8.0,8.0
153,step_1sigma,cusum,0.0,False,0.88,True,13.0,13.0
153,ramp_to_2sigma,imr,0.01,True,0.06,True,62.0,62.0
153,ramp_to_2sigma,ewma,0.0,False,0.37,True,40.0,40.0
153,ramp_to_2sigma,cusum,0.0,False,0.53,True,48.0,48.0
154,stable,imr,0.03,True,0.01,,,
154,stable,ewma,0.0,False,0.01,,,
154,stable,cusum,0.0,False,0.02,,,
154,step_1sigma,imr,0.03,True,0.01,True,72.0,72.0
154,step_1sigma,ewma,0.0,False,0.09,True,40.0,40.0
154,step_1sigma,cusum,0.0,False,0.72,True,16.0,16.0
154,ramp_to_2sigma,imr,0.03,True,0.05,True,63.0,63.0
154,ramp_to_2sigma,ewma,0.0,False,0.25,True,60.0,60.0
154,ramp_to_2sigma,cusum,0.0,False,0.43,True,58.0,58.0
155,stable,imr,0.02,True,0.01,,,
155,stable,ewma,0.0,False,0.0,,,
155,stable,cusum,0.0,False,0.0,,,
155,step_1sigma,imr,0.02,True,0.06,True,17.0,17.0
155,step_1sigma,ewma,0.0,False,0.38,True,17.0,17.0
155,step_1sigma,cusum,0.0,False,0.85,True,16.0,16.0
155,ramp_to_2sigma,imr,0.02,True,0.08,True,20.0,20.0
155,ramp_to_2sigma,ewma,0.0,False,0.42,True,23.0,23.0
155,ramp_to_2sigma,cusum,0.0,False,0.54,True,45.0,45.0
156,stable,imr,0.02,True,0.0,,,
156,stable,ewma,0.02,True,0.0,,,
156,stable,cusum,0.04,True,0.0,,,
156,step_1sigma,imr,0.02,True,0.01,True,52.0,52.0
156,step_1sigma,ewma,0.02,True,0.62,True,7.0,7.0
156,step_1sigma,cusum,0.04,True,0.94,True,7.0,7.0
156,ramp_to_2sigma,imr,0.02,True,0.03,True,52.0,52.0
156,ramp_to_2sigma,ewma,0.02,True,0.48,True,18.0,18.0
156,ramp_to_2sigma,cusum,0.04,True,0.64,True,26.0,26.0
157,stable,imr,0.01,True,0.02,,,
157,stable,ewma,0.0,False,0.0,,,
157,stable,cusum,0.0,False,0.0,,,
157,step_1sigma,imr,0.01,True,0.02,True,24.0,24.0
157,step_1sigma,ewma,0.0,False,0.17,True,27.0,27.0
157,step_1sigma,cusum,0.0,False,0.66,True,27.0,27.0
157,ramp_to_2sigma,imr,0.01,True,0.02,True,24.0,24.0
157,ramp_to_2sigma,ewma,0.0,False,0.33,True,50.0,50.0
157,ramp_to_2sigma,cusum,0.0,False,0.54,True,44.0,44.0
158,stable,imr,0.01,True,0.0,,,
158,stable,ewma,0.0,False,0.0,,,
158,stable,cusum,0.0,False,0.0,,,
158,step_1sigma,imr,0.01,True,0.0,False,,101.0
158,step_1sigma,ewma,0.0,False,0.29,True,15.0,15.0
158,step_1sigma,cusum,0.0,False,0.86,True,15.0,15.0
158,ramp_to_2sigma,imr,0.01,True,0.03,True,83.0,83.0
158,ramp_to_2sigma,ewma,0.0,False,0.38,True,42.0,42.0
158,ramp_to_2sigma,cusum,0.0,False,0.56,True,43.0,43.0
159,stable,imr,0.01,True,0.03,,,
159,stable,ewma,0.0,False,0.0,,,
159,stable,cusum,0.0,False,0.0,,,
159,step_1sigma,imr,0.01,True,0.04,True,20.0,20.0
159,step_1sigma,ewma,0.0,False,0.31,True,5.0,5.0
159,step_1sigma,cusum,0.0,False,0.93,True,5.0,5.0
159,ramp_to_2sigma,imr,0.01,True,0.05,True,61.0,61.0
159,ramp_to_2sigma,ewma,0.0,False,0.48,True,48.0,48.0
159,ramp_to_2sigma,cusum,0.0,False,0.51,True,50.0,50.0
160,stable,imr,0.02,True,0.03,,,
160,stable,ewma,0.01,True,0.0,,,
160,stable,cusum,0.04,True,0.01,,,
160,step_1sigma,imr,0.02,True,0.07,True,1.0,1.0
160,step_1sigma,ewma,0.01,True,0.84,True,8.0,8.0
160,step_1sigma,cusum,0.04,True,0.94,True,7.0,7.0
160,ramp_to_2sigma,imr,0.02,True,0.1,True,21.0,21.0
160,ramp_to_2sigma,ewma,0.01,True,0.6,True,15.0,15.0
160,ramp_to_2sigma,cusum,0.04,True,0.7,True,31.0,31.0
161,stable,imr,0.0,False,0.01,,,
161,stable,ewma,0.0,False,0.0,,,
161,stable,cusum,0.0,False,0.0,,,
161,step_1sigma,imr,0.0,False,0.02,True,11.0,11.0
161,step_1sigma,ewma,0.0,False,0.45,True,11.0,11.0
161,step_1sigma,cusum,0.0,False,0.9,True,11.0,11.0
161,ramp_to_2sigma,imr,0.0,False,0.03,True,82.0,82.0
161,ramp_to_2sigma,ewma,0.0,False,0.38,True,63.0,63.0
161,ramp_to_2sigma,cusum,0.0,False,0.38,True,63.0,63.0
162,stable,imr,0.0,False,0.01,,,
162,stable,ewma,0.0,False,0.04,,,
162,stable,cusum,0.0,False,0.11,,,
162,step_1sigma,imr,0.0,False,0.01,True,55.0,55.0
162,step_1sigma,ewma,0.0,False,0.29,True,4.0,4.0
162,step_1sigma,cusum,0.0,False,0.96,True,5.0,5.0
162,ramp_to_2sigma,imr,0.0,False,0.02,True,55.0,55.0
162,ramp_to_2sigma,ewma,0.0,False,0.43,True,55.0,55.0
162,ramp_to_2sigma,cusum,0.0,False,0.46,True,55.0,55.0
163,stable,imr,0.0,False,0.01,,,
163,stable,ewma,0.0,False,0.0,,,
163,stable,cusum,0.0,False,0.0,,,
163,step_1sigma,imr,0.0,False,0.03,True,63.0,63.0
163,step_1sigma,ewma,0.0,False,0.58,True,4.0,4.0
163,step_1sigma,cusum,0.0,False,0.97,True,4.0,4.0
163,ramp_to_2sigma,imr,0.0,False,0.03,True,63.0,63.0
163,ramp_to_2sigma,ewma,0.0,False,0.44,True,29.0,29.0
163,ramp_to_2sigma,cusum,0.0,False,0.65,True,31.0,31.0
164,stable,imr,0.02,True,0.1,,,
164,stable,ewma,0.0,False,0.0,,,
164,stable,cusum,0.0,False,0.02,,,
164,step_1sigma,imr,0.02,True,0.09,True,8.0,8.0
164,step_1sigma,ewma,0.0,False,0.59,True,5.0,5.0
164,step_1sigma,cusum,0.0,False,0.97,True,3.0,3.0
164,ramp_to_2sigma,imr,0.02,True,0.09,True,8.0,8.0
164,ramp_to_2sigma,ewma,0.0,False,0.46,True,18.0,18.0
164,ramp_to_2sigma,cusum,0.0,False,0.78,True,18.0,18.0
165,stable,imr,0.02,True,0.02,,,
165,stable,ewma,0.0,False,0.0,,,
165,stable,cusum,0.0,False,0.01,,,
165,step_1sigma,imr,0.02,True,0.02,True,48.0,48.0
165,step_1sigma,ewma,0.0,False,0.41,True,4.0,4.0
165,step_1sigma,cusum,0.0,False,0.99,True,2.0,2.0
165,ramp_to_2sigma,imr,0.02,True,0.05,True,48.0,48.0
165,ramp_to_2sigma,ewma,0.0,False,0.29,True,49.0,49.0
165,ramp_to_2sigma,cusum,0.0,False,0.47,True,49.0,49.0
166,stable,imr,0.03,True,0.01,,,
166,stable,ewma,0.0,False,0.0,,,
166,stable,cusum,0.0,False,0.0,,,
166,step_1sigma,imr,0.03,True,0.03,True,16.0,16.0
166,step_1sigma,ewma,0.0,False,0.49,True,6.0,6.0
166,step_1sigma,cusum,0.0,False,0.9,True,11.0,11.0
166,ramp_to_2sigma,imr,0.03,True,0.03,True,71.0,71.0
166,ramp_to_2sigma,ewma,0.0,False,0.41,True,58.0,58.0
166,ramp_to_2sigma,cusum,0.0,False,0.61,True,19.0,19.0
167,stable,imr,0.02,True,0.0,,,
167,stable,ewma,0.0,False,0.0,,,
167,stable,cusum,0.0,False,0.16,,,
167,step_1sigma,imr,0.02,True,0.03,True,90.0,90.0
167,step_1sigma,ewma,0.0,False,0.21,True,43.0,43.0
167,step_1sigma,cusum,0.0,False,0.64,True,32.0,32.0
167,ramp_to_2sigma,imr,0.02,True,0.03,True,90.0,90.0
167,ramp_to_2sigma,ewma,0.0,False,0.4,True,44.0,44.0
167,ramp_to_2sigma,cusum,0.0,False,0.6,True,1.0,1.0
168,stable,imr,0.02,True,0.01,,,
168,stable,ewma,0.0,False,0.0,,,
168,stable,cusum,0.0,False,0.0,,,
168,step_1sigma,imr,0.02,True,0.02,True,4.0,4.0
168,step_1sigma,ewma,0.0,False,0.42,True,5.0,5.0
168,step_1sigma,cusum,0.0,False,0.96,True,5.0,5.0
168,ramp_to_2sigma,imr,0.02,True,0.05,True,71.0,71.0
168,ramp_to_2sigma,ewma,0.0,False,0.53,True,42.0,42.0
168,ramp_to_2sigma,cusum,0.0,False,0.58,True,43.0,43.0
169,stable,imr,0.03,True,0.0,,,
169,stable,ewma,0.0,False,0.0,,,
169,stable,cusum,0.0,False,0.0,,,
169,step_1sigma,imr,0.03,True,0.02,True,76.0,76.0
169,step_1sigma,ewma,0.0,False,0.38,True,6.0,6.0
169,step_1sigma,cusum,0.0,False,0.97,True,4.0,4.0
169,ramp_to_2sigma,imr,0.03,True,0.02,True,76.0,76.0
169,ramp_to_2sigma,ewma,0.0,False,0.44,True,54.0,54.0
169,ramp_to_2sigma,cusum,0.0,False,0.51,True,43.0,43.0
170,stable,imr,0.0,False,0.0,,,
170,stable,ewma,0.0,False,0.01,,,
170,stable,cusum,0.0,False,0.02,,,
170,step_1sigma,imr,0.0,False,0.03,True,15.0,15.0
170,step_1sigma,ewma,0.0,False,0.49,True,10.0,10.0
170,step_1sigma,cusum,0.0,False,0.89,True,10.0,10.0
170,ramp_to_2sigma,imr,0.0,False,0.03,True,24.0,24.0
170,ramp_to_2sigma,ewma,0.0,False,0.58,True,25.0,25.0
170,ramp_to_2sigma,cusum,0.0,False,0.76,True,25.0,25.0
171,stable,imr,0.0,False,0.0,,,
171,stable,ewma,0.0,False,0.0,,,
171,stable,cusum,0.0,False,0.0,,,
171,step_1sigma,imr,0.0,False,0.01,True,69.0,69.0
171,step_1sigma,ewma,0.0,False,0.22,True,5.0,5.0
171,step_1sigma,cusum,0.0,False,0.93,True,5.0,5.0
171,ramp_to_2sigma,imr,0.0,False,0.02,True,69.0,69.0
171,ramp_to_2sigma,ewma,0.0,False,0.33,True,64.0,64.0
171,ramp_to_2sigma,cusum,0.0,False,0.51,True,46.0,46.0
172,stable,imr,0.0,False,0.02,,,
172,stable,ewma,0.0,False,0.0,,,
172,stable,cusum,0.0,False,0.0,,,
172,step_1sigma,imr,0.0,False,0.03,True,21.0,21.0
172,step_1sigma,ewma,0.0,False,0.25,True,9.0,9.0
172,step_1sigma,cusum,0.0,False,0.89,True,9.0,9.0
172,ramp_to_2sigma,imr,0.0,False,0.05,True,21.0,21.0
172,ramp_to_2sigma,ewma,0.0,False,0.49,True,48.0,48.0
172,ramp_to_2sigma,cusum,0.0,False,0.53,True,48.0,48.0
173,stable,imr,0.0,False,0.01,,,
173,stable,ewma,0.0,False,0.0,,,
173,stable,cusum,0.0,False,0.0,,,
173,step_1sigma,imr,0.0,False,0.04,True,4.0,4.0
173,step_1sigma,ewma,0.0,False,0.47,True,5.0,5.0
173,step_1sigma,cusum,0.0,False,0.93,True,5.0,5.0
173,ramp_to_2sigma,imr,0.0,False,0.06,True,6.0,6.0
173,ramp_to_2sigma,ewma,0.0,False,0.49,True,46.0,46.0
173,ramp_to_2sigma,cusum,0.0,False,0.56,True,45.0,45.0
174,stable,imr,0.04,True,0.0,,,
174,stable,ewma,0.03,True,0.0,,,
174,stable,cusum,0.09,True,0.0,,,
174,step_1sigma,imr,0.04,True,0.03,True,40.0,40.0
174,step_1sigma,ewma,0.03,True,0.54,True,12.0,12.0
174,step_1sigma,cusum,0.09,True,0.95,True,6.0,6.0
174,ramp_to_2sigma,imr,0.04,True,0.08,True,40.0,40.0
174,ramp_to_2sigma,ewma,0.03,True,0.47,True,50.0,50.0
174,ramp_to_2sigma,cusum,0.09,True,0.51,True,50.0,50.0
175,stable,imr,0.03,True,0.03,,,
175,stable,ewma,0.0,False,0.0,,,
175,stable,cusum,0.0,False,0.0,,,
175,step_1sigma,imr,0.03,True,0.06,True,28.0,28.0
175,step_1sigma,ewma,0.0,False,0.3,True,15.0,15.0
175,step_1sigma,cusum,0.0,False,0.8,True,15.0,15.0
175,ramp_to_2sigma,imr,0.03,True,0.1,True,28.0,28.0
175,ramp_to_2sigma,ewma,0.0,False,0.31,True,55.0,55.0
175,ramp_to_2sigma,cusum,0.0,False,0.47,True,39.0,39.0
176,stable,imr,0.03,True,0.01,,,
176,stable,ewma,0.0,False,0.02,,,
176,stable,cusum,0.04,True,0.0,,,
176,step_1sigma,imr,0.03,True,0.02,True,67.0,67.0
176,step_1sigma,ewma,0.0,False,0.58,True,6.0,6.0
176,step_1sigma,cusum,0.04,True,0.95,True,6.0,6.0
176,ramp_to_2sigma,imr,0.03,True,0.02,True,67.0,67.0
176,ramp_to_2sigma,ewma,0.0,False,0.51,True,39.0,39.0
176,ramp_to_2sigma,cusum,0.04,True,0.64,True,37.0,37.0
177,stable,imr,0.0,False,0.01,,,
177,stable,ewma,0.01,True,0.0,,,
177,stable,cusum,0.02,True,0.0,,,
177,step_1sigma,imr,0.0,False,0.01,True,51.0,51.0
177,step_1sigma,ewma,0.01,True,0.68,True,7.0,7.0
177,step_1sigma,cusum,0.02,True,0.94,True,7.0,7.0
177,ramp_to_2sigma,imr,0.0,False,0.02,True,51.0,51.0
177,ramp_to_2sigma,ewma,0.01,True,0.53,True,37.0,37.0
177,ramp_to_2sigma,cusum,0.02,True,0.59,True,42.0,42.0
178,stable,imr,0.01,True,0.01,,,
178,stable,ewma,0.0,False,0.01,,,
178,stable,cusum,0.0,False,0.01,,,
178,step_1sigma,imr,0.01,True,0.06,True,20.0,20.0
178,step_1sigma,ewma,0.0,False,0.58,True,10.0,10.0
178,step_1sigma,cusum,0.0,False,0.94,True,7.0,7.0
178,ramp_to_2sigma,imr,0.01,True,0.08,True,33.0,33.0
178,ramp_to_2sigma,ewma,0.0,False,0.6,True,33.0,33.0
178,ramp_to_2sigma,cusum,0.0,False,0.6,True,41.0,41.0
179,stable,imr,0.0,False,0.01,,,
179,stable,ewma,0.0,False,0.02,,,
179,stable,cusum,0.0,False,0.03,,,
179,step_1sigma,imr,0.0,False,0.07,True,1.0,1.0
179,step_1sigma,ewma,0.0,False,0.58,True,2.0,2.0
179,step_1sigma,cusum,0.0,False,0.99,True,2.0,2.0
179,ramp_to_2sigma,imr,0.0,False,0.08,True,21.0,21.0
179,ramp_to_2sigma,ewma,0.0,False,0.47,True,29.0,29.0
179,ramp_to_2sigma,cusum,0.0,False,0.77,True,23.0,23.0
180,stable,imr,0.01,True,0.0,,,
180,stable,ewma,0.0,False,0.0,,,
180,stable,cusum,0.0,False,0.0,,,
180,step_1sigma,imr,0.01,True,0.05,True,7.0,7.0
180,step_1sigma,ewma,0.0,False,0.53,True,6.0,6.0
180,step_1sigma,cusum,0.0,False,0.98,True,3.0,3.0
180,ramp_to_2sigma,imr,0.01,True,0.06,True,50.0,50.0
180,ramp_to_2sigma,ewma,0.0,False,0.5,True,8.0,8.0
180,ramp_to_2sigma,cusum,0.0,False,0.61,True,38.0,38.0
181,stable,imr,0.02,True,0.03,,,
181,stable,ewma,0.0,False,0.0,,,
181,stable,cusum,0.0,False,0.0,,,
181,step_1sigma,imr,0.02,True,0.03,True,25.0,25.0
181,step_1sigma,ewma,0.0,False,0.35,True,11.0,11.0
181,step_1sigma,cusum,0.0,False,0.91,True,10.0,10.0
181,ramp_to_2sigma,imr,0.02,True,0.04,True,25.0,25.0
181,ramp_to_2sigma,ewma,0.0,False,0.54,True,43.0,43.0
181,ramp_to_2sigma,cusum,0.0,False,0.59,True,39.0,39.0
182,stable,imr,0.01,True,0.01,,,
182,stable,ewma,0.0,False,0.01,,,
182,stable,cusum,0.0,False,0.0,,,
182,step_1sigma,imr,0.01,True,0.04,True,2.0,2.0
182,step_1sigma,ewma,0.0,False,0.44,True,6.0,6.0
182,step_1sigma,cusum,0.0,False,0.95,True,6.0,6.0
182,ramp_to_2sigma,imr,0.01,True,0.06,True,74.0,74.0
182,ramp_to_2sigma,ewma,0.0,False,0.47,True,36.0,36.0
182,ramp_to_2sigma,cusum,0.0,False,0.62,True,39.0,39.0
183,stable,imr,0.03,True,0.0,,,
183,stable,ewma,0.0,False,0.0,,,
183,stable,cusum,0.0,False,0.0,,,
183,step_1sigma,imr,0.03,True,0.01,True,2.0,2.0
183,step_1sigma,ewma,0.0,False,0.32,True,10.0,10.0
183,step_1sigma,cusum,0.0,False,0.91,True,10.0,10.0
183,ramp_to_2sigma,imr,0.03,True,0.01,True,98.0,98.0
183,ramp_to_2sigma,ewma,0.0,False,0.38,True,47.0,47.0
183,ramp_to_2sigma,cusum,0.0,False,0.54,True,47.0,47.0
184,stable,imr,0.0,False,0.02,,,
184,stable,ewma,0.0,False,0.0,,,
184,stable,cusum,0.0,False,0.0,,,
184,step_1sigma,imr,0.0,False,0.06,True,6.0,6.0
184,step_1sigma,ewma,0.0,False,0.62,True,6.0,6.0
184,step_1sigma,cusum,0.0,False,0.95,True,6.0,6.0
184,ramp_to_2sigma,imr,0.0,False,0.07,True,16.0,16.0
184,ramp_to_2sigma,ewma,0.0,False,0.53,True,37.0,37.0
184,ramp_to_2sigma,cusum,0.0,False,0.57,True,44.0,44.0
185,stable,imr,0.01,True,0.01,,,
185,stable,ewma,0.01,True,0.01,,,
185,stable,cusum,0.05,True,0.07,,,
185,step_1sigma,imr,0.01,True,0.03,True,32.0,32.0
185,step_1sigma,ewma,0.01,True,0.43,True,5.0,5.0
185,step_1sigma,cusum,0.05,True,0.96,True,5.0,5.0
185,ramp_to_2sigma,imr,0.01,True,0.08,True,32.0,32.0
185,ramp_to_2sigma,ewma,0.01,True,0.44,True,42.0,42.0
185,ramp_to_2sigma,cusum,0.05,True,0.6,True,34.0,34.0
186,stable,imr,0.02,True,0.01,,,
186,stable,ewma,0.02,True,0.0,,,
186,stable,cusum,0.01,True,0.0,,,
186,step_1sigma,imr,0.02,True,0.02,True,37.0,37.0
186,step_1sigma,ewma,0.02,True,0.51,True,11.0,11.0
186,step_1sigma,cusum,0.01,True,0.9,True,11.0,11.0
186,ramp_to_2sigma,imr,0.02,True,0.04,True,65.0,65.0
186,ramp_to_2sigma,ewma,0.02,True,0.62,True,35.0,35.0
186,ramp_to_2sigma,cusum,0.01,True,0.64,True,37.0,37.0
187,stable,imr,0.0,False,0.01,,,
187,stable,ewma,0.0,False,0.0,,,
187,stable,cusum,0.0,False,0.0,,,
187,step_1sigma,imr,0.0,False,0.03,True,29.0,29.0
187,step_1sigma,ewma,0.0,False,0.43,True,7.0,7.0
187,step_1sigma,cusum,0.0,False,0.94,True,7.0,7.0
187,ramp_to_2sigma,imr,0.0,False,0.06,True,29.0,29.0
187,ramp_to_2sigma,ewma,0.0,False,0.43,True,29.0,29.0
187,ramp_to_2sigma,cusum,0.0,False,0.68,True,32.0,32.0
188,stable,imr,0.01,True,0.01,,,
188,stable,ewma,0.0,False,0.02,,,
188,stable,cusum,0.0,False,0.05,,,
188,step_1sigma,imr,0.01,True,0.01,True,72.0,72.0
188,step_1sigma,ewma,0.0,False,0.3,True,14.0,14.0
188,step_1sigma,cusum,0.0,False,0.87,True,7.0,7.0
188,ramp_to_2sigma,imr,0.01,True,0.03,True,65.0,65.0
188,ramp_to_2sigma,ewma,0.0,False,0.4,True,40.0,40.0
188,ramp_to_2sigma,cusum,0.0,False,0.62,True,39.0,39.0
189,stable,imr,0.0,False,0.01,,,
189,stable,ewma,0.01,True,0.0,,,
189,stable,cusum,0.02,True,0.02,,,
189,step_1sigma,imr,0.0,False,0.03,True,42.0,42.0
189,step_1sigma,ewma,0.01,True,0.78,True,10.0,10.0
189,step_1sigma,cusum,0.02,True,0.92,True,9.0,9.0
189,ramp_to_2sigma,imr,0.0,False,0.08,True,42.0,42.0
189,ramp_to_2sigma,ewma,0.01,True,0.58,True,34.0,34.0
189,ramp_to_2sigma,cusum,0.02,True,0.67,True,34.0,34.0
190,stable,imr,0.0,False,0.01,,,
190,stable,ewma,0.0,False,0.0,,,
190,stable,cusum,0.0,False,0.0,,,
190,step_1sigma,imr,0.0,False,0.02,True,83.0,83.0
190,step_1sigma,ewma,0.0,False,0.29,True,26.0,26.0
190,step_1sigma,cusum,0.0,False,0.76,True,24.0,24.0
190,ramp_to_2sigma,imr,0.0,False,0.02,True,83.0,83.0
190,ramp_to_2sigma,ewma,0.0,False,0.37,True,50.0,50.0
190,ramp_to_2sigma,cusum,0.0,False,0.51,True,50.0,50.0
191,stable,imr,0.01,True,0.01,,,
191,stable,ewma,0.02,True,0.0,,,
191,stable,cusum,0.04,True,0.0,,,
191,step_1sigma,imr,0.01,True,0.03,True,38.0,38.0
191,step_1sigma,ewma,0.02,True,0.73,True,10.0,10.0
191,step_1sigma,cusum,0.04,True,0.92,True,9.0,9.0
191,ramp_to_2sigma,imr,0.01,True,0.08,True,38.0,38.0
191,ramp_to_2sigma,ewma,0.02,True,0.5,True,38.0,38.0
191,ramp_to_2sigma,cusum,0.04,True,0.63,True,38.0,38.0
192,stable,imr,0.0,False,0.0,,,
192,stable,ewma,0.0,False,0.0,,,
192,stable,cusum,0.04,True,0.0,,,
192,step_1sigma,imr,0.0,False,0.0,False,,101.0
192,step_1sigma,ewma,0.0,False,0.68,True,13.0,13.0
192,step_1sigma,cusum,0.04,True,0.88,True,13.0,13.0
192,ramp_to_2sigma,imr,0.0,False,0.02,True,96.0,96.0
192,ramp_to_2sigma,ewma,0.0,False,0.54,True,29.0,29.0
192,ramp_to_2sigma,cusum,0.04,True,0.73,True,22.0,22.0
193,stable,imr,0.0,False,0.03,,,
193,stable,ewma,0.0,False,0.04,,,
193,stable,cusum,0.0,False,0.06,,,
193,step_1sigma,imr,0.0,False,0.06,True,5.0,5.0
193,step_1sigma,ewma,0.0,False,0.52,True,7.0,7.0
193,step_1sigma,cusum,0.0,False,0.89,True,7.0,7.0
193,ramp_to_2sigma,imr,0.0,False,0.06,True,5.0,5.0
193,ramp_to_2sigma,ewma,0.0,False,0.4,True,57.0,57.0
193,ramp_to_2sigma,cusum,0.0,False,0.48,True,37.0,37.0
194,stable,imr,0.02,True,0.0,,,
194,stable,ewma,0.0,False,0.01,,,
194,stable,cusum,0.0,False,0.05,,,
194,step_1sigma,imr,0.02,True,0.02,True,52.0,52.0
194,step_1sigma,ewma,0.0,False,0.24,True,7.0,7.0
194,step_1sigma,cusum,0.0,False,0.86,True,3.0,3.0
194,ramp_to_2sigma,imr,0.02,True,0.03,True,52.0,52.0
194,ramp_to_2sigma,ewma,0.0,False,0.45,True,52.0,52.0
194,ramp_to_2sigma,cusum,0.0,False,0.49,True,52.0,52.0
195,stable,imr,0.01,True,0.01,,,
195,stable,ewma,0.02,True,0.0,,,
195,stable,cusum,0.04,True,0.01,,,
195,step_1sigma,imr,0.01,True,0.05,True,14.0,14.0
195,step_1sigma,ewma,0.02,True,0.45,True,14.0,14.0
195,step_1sigma,cusum,0.04,True,0.92,True,9.0,9.0
195,ramp_to_2sigma,imr,0.01,True,0.08,True,56.0,56.0
195,ramp_to_2sigma,ewma,0.02,True,0.41,True,45.0,45.0
195,ramp_to_2sigma,cusum,0.04,True,0.42,True,48.0,48.0
196,stable,imr,0.0,False,0.03,,,
196,stable,ewma,0.03,True,0.0,,,
196,stable,cusum,0.08,True,0.0,,,
196,step_1sigma,imr,0.0,False,0.05,True,18.0,18.0
196,step_1sigma,ewma,0.03,True,0.34,True,10.0,10.0
196,step_1sigma,cusum,0.08,True,0.91,True,10.0,10.0
196,ramp_to_2sigma,imr,0.0,False,0.08,True,18.0,18.0
196,ramp_to_2sigma,ewma,0.03,True,0.41,True,56.0,56.0
196,ramp_to_2sigma,cusum,0.08,True,0.45,True,56.0,56.0
197,stable,imr,0.01,True,0.01,,,
197,stable,ewma,0.0,False,0.0,,,
197,stable,cusum,0.0,False,0.0,,,
197,step_1sigma,imr,0.01,True,0.04,True,77.0,77.0
197,step_1sigma,ewma,0.0,False,0.39,True,14.0,14.0
197,step_1sigma,cusum,0.0,False,0.86,True,14.0,14.0
197,ramp_to_2sigma,imr,0.01,True,0.05,True,77.0,77.0
197,ramp_to_2sigma,ewma,0.0,False,0.43,True,42.0,42.0
197,ramp_to_2sigma,cusum,0.0,False,0.6,True,41.0,41.0
198,stable,imr,0.01,True,0.01,,,
198,stable,ewma,0.0,False,0.0,,,
198,stable,cusum,0.0,False,0.0,,,
198,step_1sigma,imr,0.01,True,0.04,True,40.0,40.0
198,step_1sigma,ewma,0.0,False,0.35,True,7.0,7.0
198,step_1sigma,cusum,0.0,False,0.93,True,7.0,7.0
198,ramp_to_2sigma,imr,0.01,True,0.07,True,40.0,40.0
198,ramp_to_2sigma,ewma,0.0,False,0.39,True,61.0,61.0
198,ramp_to_2sigma,cusum,0.0,False,0.51,True,50.0,50.0
199,stable,imr,0.04,True,0.0,,,
199,stable,ewma,0.03,True,0.02,,,
199,stable,cusum,0.05,True,0.04,,,
199,step_1sigma,imr,0.04,True,0.07,True,1.0,1.0
199,step_1sigma,ewma,0.03,True,0.35,True,3.0,3.0
199,step_1sigma,cusum,0.05,True,0.97,True,4.0,4.0
199,ramp_to_2sigma,imr,0.04,True,0.07,True,77.0,77.0
199,ramp_to_2sigma,ewma,0.03,True,0.3,True,33.0,33.0
199,ramp_to_2sigma,cusum,0.05,True,0.52,True,45.0,45.0
