scenario,step,signal,injected_mean,i_limit_z
stable,0,0.33757454879893356,0.0,2.83424897114436
stable,1,1.4074818613137168,0.0,2.83424897114436
stable,2,0.09058490690174555,0.0,2.83424897114436
stable,3,0.6439387932768579,0.0,2.83424897114436
stable,4,-2.0501721010310225,0.0,2.83424897114436
stable,5,-0.04871840193011795,0.0,2.83424897114436
stable,6,-0.8432302702928711,0.0,2.83424897114436
stable,7,-1.218813060423628,0.0,2.83424897114436
stable,8,-0.8781523669287508,0.0,2.83424897114436
stable,9,-0.33412344070081207,0.0,2.83424897114436
stable,10,0.9159025423560131,0.0,2.83424897114436
stable,11,-1.326392717739564,0.0,2.83424897114436
stable,12,0.030631492594417446,0.0,2.83424897114436
stable,13,-0.4841694333335785,0.0,2.83424897114436
stable,14,-0.32767309436196085,0.0,2.83424897114436
stable,15,1.0027578253046041,0.0,2.83424897114436
stable,16,0.5381154370039261,0.0,2.83424897114436
stable,17,1.3373981074427437,0.0,2.83424897114436
stable,18,-0.15450567924990047,0.0,2.83424897114436
stable,19,-0.695942611670703,0.0,2.83424897114436
stable,20,-0.22385881688049952,0.0,2.83424897114436
stable,21,0.2424967912712216,0.0,2.83424897114436
stable,22,0.17657335845371103,0.0,2.83424897114436
stable,23,-1.0843880722333665,0.0,2.83424897114436
stable,24,0.09048978162787422,0.0,2.83424897114436
stable,25,0.22822833013890514,0.0,2.83424897114436
stable,26,2.5174740375339204,0.0,2.83424897114436
stable,27,1.8768446112816701,0.0,2.83424897114436
stable,28,-0.8532433505588201,0.0,2.83424897114436
stable,29,-0.2873833615491761,0.0,2.83424897114436
stable,30,-1.4634420018370031,0.0,2.83424897114436
stable,31,-0.5907070139634865,0.0,2.83424897114436
stable,32,0.3156050035903405,0.0,2.83424897114436
stable,33,1.2058536208882336,0.0,2.83424897114436
stable,34,-0.7290838377436085,0.0,2.83424897114436
stable,35,-0.6541464400677965,0.0,2.83424897114436
stable,36,-2.147289029738655,0.0,2.83424897114436
stable,37,-0.16266592054490767,0.0,2.83424897114436
stable,38,-1.062414411859563,0.0,2.83424897114436
stable,39,-0.5294394273660737,0.0,2.83424897114436
stable,40,-0.8768607781675882,0.0,2.83424897114436
stable,41,-0.09426255425255699,0.0,2.83424897114436
stable,42,-1.7577283913566313,0.0,2.83424897114436
stable,43,-1.4670452453909906,0.0,2.83424897114436
stable,44,2.129247112028298,0.0,2.83424897114436
stable,45,-1.287422581274031,0.0,2.83424897114436
stable,46,-1.0967855784546396,0.0,2.83424897114436
stable,47,1.836913528321314,0.0,2.83424897114436
stable,48,2.905067169240407,0.0,2.83424897114436
stable,49,-1.1715666288253417,0.0,2.83424897114436
stable,50,-0.36824895678803055,0.0,2.83424897114436
stable,51,0.34155555094050954,0.0,2.83424897114436
stable,52,1.7286976444055924,0.0,2.83424897114436
stable,53,-0.9868570784282374,0.0,2.83424897114436
stable,54,-0.24527784594210975,0.0,2.83424897114436
stable,55,0.777337576061744,0.0,2.83424897114436
stable,56,0.43476607446661863,0.0,2.83424897114436
stable,57,-0.37615607123009925,0.0,2.83424897114436
stable,58,-0.13382296451604114,0.0,2.83424897114436
stable,59,-1.3748958083699818,0.0,2.83424897114436
stable,60,-0.23817374397466523,0.0,2.83424897114436
stable,61,-0.2663874900089551,0.0,2.83424897114436
stable,62,0.23216988962625595,0.0,2.83424897114436
stable,63,-0.555327218819016,0.0,2.83424897114436
stable,64,0.471538522545139,0.0,2.83424897114436
stable,65,1.0127158178198286,0.0,2.83424897114436
stable,66,0.15542932766846604,0.0,2.83424897114436
stable,67,0.35175640839920347,0.0,2.83424897114436
stable,68,0.053155347577867364,0.0,2.83424897114436
stable,69,8.439309141418043e-05,0.0,2.83424897114436
stable,70,-0.7215580335428474,0.0,2.83424897114436
stable,71,0.316494261673308,0.0,2.83424897114436
stable,72,-0.09728659841348947,0.0,2.83424897114436
stable,73,2.093168308930595,0.0,2.83424897114436
stable,74,1.5733549024752425,0.0,2.83424897114436
stable,75,0.3858465525565008,0.0,2.83424897114436
stable,76,-0.7630572096947675,0.0,2.83424897114436
stable,77,-1.112411471983418,0.0,2.83424897114436
stable,78,1.191142953088865,0.0,2.83424897114436
stable,79,0.2627492251471385,0.0,2.83424897114436
stable,80,0.4801434033916108,0.0,2.83424897114436
stable,81,-1.7445859869741926,0.0,2.83424897114436
stable,82,0.9274384815581808,0.0,2.83424897114436
stable,83,0.45442033821436295,0.0,2.83424897114436
stable,84,-1.110430684414478,0.0,2.83424897114436
stable,85,-0.47152480744994896,0.0,2.83424897114436
stable,86,0.2637172043565196,0.0,2.83424897114436
stable,87,0.05246679835624363,0.0,2.83424897114436
stable,88,-0.292171185803555,0.0,2.83424897114436
stable,89,-0.10348826806596086,0.0,2.83424897114436
stable,90,-0.25197737820688537,0.0,2.83424897114436
stable,91,0.15256251210246857,0.0,2.83424897114436
stable,92,1.471491972993157,0.0,2.83424897114436
stable,93,-2.5666584409312976,0.0,2.83424897114436
stable,94,-0.23685026450968424,0.0,2.83424897114436
stable,95,0.17651242137244696,0.0,2.83424897114436
stable,96,0.2959939896870995,0.0,2.83424897114436
stable,97,-0.37191458132128985,0.0,2.83424897114436
stable,98,-1.7567217824785826,0.0,2.83424897114436
stable,99,0.32799548371410964,0.0,2.83424897114436
stable,100,1.727350214164185,0.0,2.83424897114436
stable,101,-1.5338614049161376,0.0,2.83424897114436
stable,102,0.8638280136981883,0.0,2.83424897114436
stable,103,-0.3285252231228939,0.0,2.83424897114436
stable,104,-0.0613243458288473,0.0,2.83424897114436
stable,105,-1.052898510703949,0.0,2.83424897114436
stable,106,-0.33445617235587666,0.0,2.83424897114436
stable,107,1.3000445946989585,0.0,2.83424897114436
stable,108,0.582655241987707,0.0,2.83424897114436
stable,109,1.732311605409944,0.0,2.83424897114436
stable,110,1.1774118889776937,0.0,2.83424897114436
stable,111,0.4390866789295762,0.0,2.83424897114436
stable,112,1.743934526167792,0.0,2.83424897114436
stable,113,0.43899315873829875,0.0,2.83424897114436
stable,114,0.8279881767970589,0.0,2.83424897114436
stable,115,-0.29657095353470836,0.0,2.83424897114436
stable,116,0.06654581585920483,0.0,2.83424897114436
stable,117,-0.6974238233002769,0.0,2.83424897114436
stable,118,0.989583934594853,0.0,2.83424897114436
stable,119,-1.1783036231148656,0.0,2.83424897114436
stable,120,0.7823503424176613,0.0,2.83424897114436
stable,121,-0.19065105750515945,0.0,2.83424897114436
stable,122,1.1712470934673194,0.0,2.83424897114436
stable,123,0.7508689887312598,0.0,2.83424897114436
stable,124,1.8206461576468016,0.0,2.83424897114436
stable,125,0.7307746911386448,0.0,2.83424897114436
stable,126,-1.5720402556532407,0.0,2.83424897114436
stable,127,-0.06695317289820084,0.0,2.83424897114436
stable,128,-1.172007192594816,0.0,2.83424897114436
stable,129,-0.5182798423662747,0.0,2.83424897114436
stable,130,1.5112284332767216,0.0,2.83424897114436
stable,131,0.637533810897696,0.0,2.83424897114436
stable,132,-0.6989304285787463,0.0,2.83424897114436
stable,133,-1.013717366440399,0.0,2.83424897114436
stable,134,0.03278209287626079,0.0,2.83424897114436
stable,135,-1.2165601493811278,0.0,2.83424897114436
stable,136,-0.6711402773965811,0.0,2.83424897114436
stable,137,0.31200947155124387,0.0,2.83424897114436
stable,138,1.1553120361066962,0.0,2.83424897114436
stable,139,0.6087614722244398,0.0,2.83424897114436
stable,140,-2.2912895085981,0.0,2.83424897114436
stable,141,0.3043667290302598,0.0,2.83424897114436
stable,142,0.07203357323257792,0.0,2.83424897114436
stable,143,0.41389028537269307,0.0,2.83424897114436
stable,144,1.6162096816512073,0.0,2.83424897114436
stable,145,-2.063238276804743,0.0,2.83424897114436
stable,146,-0.5911034251911056,0.0,2.83424897114436
stable,147,0.5909063227933546,0.0,2.83424897114436
stable,148,-1.5815943994539423,0.0,2.83424897114436
stable,149,1.475949048053509,0.0,2.83424897114436
stable,150,0.3683566127006584,0.0,2.83424897114436
stable,151,0.846583985843404,0.0,2.83424897114436
stable,152,-0.5709436615217945,0.0,2.83424897114436
stable,153,0.8137636899662105,0.0,2.83424897114436
stable,154,1.0684715559890383,0.0,2.83424897114436
stable,155,0.23287802013716835,0.0,2.83424897114436
stable,156,0.23440089269869593,0.0,2.83424897114436
stable,157,0.2703432392817259,0.0,2.83424897114436
stable,158,-0.8633452647393817,0.0,2.83424897114436
stable,159,-0.14752868024035293,0.0,2.83424897114436
stable,160,-0.1525225324523588,0.0,2.83424897114436
stable,161,0.3833938643534951,0.0,2.83424897114436
stable,162,0.9998242469102946,0.0,2.83424897114436
stable,163,-1.0585360819784093,0.0,2.83424897114436
stable,164,-0.12500903031957764,0.0,2.83424897114436
stable,165,1.4814555476589732,0.0,2.83424897114436
stable,166,-0.7435882288125641,0.0,2.83424897114436
stable,167,-0.8222500172903203,0.0,2.83424897114436
stable,168,0.20230619183119358,0.0,2.83424897114436
stable,169,0.8443851904853201,0.0,2.83424897114436
stable,170,0.01142605556065933,0.0,2.83424897114436
stable,171,1.3289605904369892,0.0,2.83424897114436
stable,172,0.8567939825665268,0.0,2.83424897114436
stable,173,0.8418200668900618,0.0,2.83424897114436
stable,174,0.5541165013240933,0.0,2.83424897114436
stable,175,2.327653100346085,0.0,2.83424897114436
stable,176,-0.2051616888660442,0.0,2.83424897114436
stable,177,-2.003522292066514,0.0,2.83424897114436
stable,178,1.604254361517141,0.0,2.83424897114436
stable,179,-0.45769943095682564,0.0,2.83424897114436
stable,180,0.10788044434303304,0.0,2.83424897114436
stable,181,1.309550684860527,0.0,2.83424897114436
stable,182,-1.6022595410589253,0.0,2.83424897114436
stable,183,-1.2516472141061394,0.0,2.83424897114436
stable,184,-1.6012779371188537,0.0,2.83424897114436
stable,185,-0.7941362900254239,0.0,2.83424897114436
stable,186,0.43963660601699356,0.0,2.83424897114436
stable,187,0.524187842812771,0.0,2.83424897114436
stable,188,0.27627417932855375,0.0,2.83424897114436
stable,189,-1.4127658838923665,0.0,2.83424897114436
stable,190,-2.310103436632644,0.0,2.83424897114436
stable,191,0.054353585390382264,0.0,2.83424897114436
stable,192,-0.47177603363833576,0.0,2.83424897114436
stable,193,0.45938577171661177,0.0,2.83424897114436
stable,194,0.7019536262212701,0.0,2.83424897114436
stable,195,0.13824143205868192,0.0,2.83424897114436
stable,196,0.7601330853758538,0.0,2.83424897114436
stable,197,0.22921137411506842,0.0,2.83424897114436
stable,198,0.5300647056014667,0.0,2.83424897114436
stable,199,-0.7046732628698824,0.0,2.83424897114436
step_1sigma,0,0.33757454879893356,0.0,2.83424897114436
step_1sigma,1,1.4074818613137168,0.0,2.83424897114436
step_1sigma,2,0.09058490690174555,0.0,2.83424897114436
step_1sigma,3,0.6439387932768579,0.0,2.83424897114436
step_1sigma,4,-2.0501721010310225,0.0,2.83424897114436
step_1sigma,5,-0.04871840193011795,0.0,2.83424897114436
step_1sigma,6,-0.8432302702928711,0.0,2.83424897114436
step_1sigma,7,-1.218813060423628,0.0,2.83424897114436
step_1sigma,8,-0.8781523669287508,0.0,2.83424897114436
step_1sigma,9,-0.33412344070081207,0.0,2.83424897114436
step_1sigma,10,0.9159025423560131,0.0,2.83424897114436
step_1sigma,11,-1.326392717739564,0.0,2.83424897114436
step_1sigma,12,0.030631492594417446,0.0,2.83424897114436
step_1sigma,13,-0.4841694333335785,0.0,2.83424897114436
step_1sigma,14,-0.32767309436196085,0.0,2.83424897114436
step_1sigma,15,1.0027578253046041,0.0,2.83424897114436
step_1sigma,16,0.5381154370039261,0.0,2.83424897114436
step_1sigma,17,1.3373981074427437,0.0,2.83424897114436
step_1sigma,18,-0.15450567924990047,0.0,2.83424897114436
step_1sigma,19,-0.695942611670703,0.0,2.83424897114436
step_1sigma,20,-0.22385881688049952,0.0,2.83424897114436
step_1sigma,21,0.2424967912712216,0.0,2.83424897114436
step_1sigma,22,0.17657335845371103,0.0,2.83424897114436
step_1sigma,23,-1.0843880722333665,0.0,2.83424897114436
step_1sigma,24,0.09048978162787422,0.0,2.83424897114436
step_1sigma,25,0.22822833013890514,0.0,2.83424897114436
step_1sigma,26,2.5174740375339204,0.0,2.83424897114436
step_1sigma,27,1.8768446112816701,0.0,2.83424897114436
step_1sigma,28,-0.8532433505588201,0.0,2.83424897114436
step_1sigma,29,-0.2873833615491761,0.0,2.83424897114436
step_1sigma,30,-1.4634420018370031,0.0,2.83424897114436
step_1sigma,31,-0.5907070139634865,0.0,2.83424897114436
step_1sigma,32,0.3156050035903405,0.0,2.83424897114436
step_1sigma,33,1.2058536208882336,0.0,2.83424897114436
step_1sigma,34,-0.7290838377436085,0.0,2.83424897114436
step_1sigma,35,-0.6541464400677965,0.0,2.83424897114436
step_1sigma,36,-2.147289029738655,0.0,2.83424897114436
step_1sigma,37,-0.16266592054490767,0.0,2.83424897114436
step_1sigma,38,-1.062414411859563,0.0,2.83424897114436
step_1sigma,39,-0.5294394273660737,0.0,2.83424897114436
step_1sigma,40,-0.8768607781675882,0.0,2.83424897114436
step_1sigma,41,-0.09426255425255699,0.0,2.83424897114436
step_1sigma,42,-1.7577283913566313,0.0,2.83424897114436
step_1sigma,43,-1.4670452453909906,0.0,2.83424897114436
step_1sigma,44,2.129247112028298,0.0,2.83424897114436
step_1sigma,45,-1.287422581274031,0.0,2.83424897114436
step_1sigma,46,-1.0967855784546396,0.0,2.83424897114436
step_1sigma,47,1.836913528321314,0.0,2.83424897114436
step_1sigma,48,2.905067169240407,0.0,2.83424897114436
step_1sigma,49,-1.1715666288253417,0.0,2.83424897114436
step_1sigma,50,-0.36824895678803055,0.0,2.83424897114436
step_1sigma,51,0.34155555094050954,0.0,2.83424897114436
step_1sigma,52,1.7286976444055924,0.0,2.83424897114436
step_1sigma,53,-0.9868570784282374,0.0,2.83424897114436
step_1sigma,54,-0.24527784594210975,0.0,2.83424897114436
step_1sigma,55,0.777337576061744,0.0,2.83424897114436
step_1sigma,56,0.43476607446661863,0.0,2.83424897114436
step_1sigma,57,-0.37615607123009925,0.0,2.83424897114436
step_1sigma,58,-0.13382296451604114,0.0,2.83424897114436
step_1sigma,59,-1.3748958083699818,0.0,2.83424897114436
step_1sigma,60,-0.23817374397466523,0.0,2.83424897114436
step_1sigma,61,-0.2663874900089551,0.0,2.83424897114436
step_1sigma,62,0.23216988962625595,0.0,2.83424897114436
step_1sigma,63,-0.555327218819016,0.0,2.83424897114436
step_1sigma,64,0.471538522545139,0.0,2.83424897114436
step_1sigma,65,1.0127158178198286,0.0,2.83424897114436
step_1sigma,66,0.15542932766846604,0.0,2.83424897114436
step_1sigma,67,0.35175640839920347,0.0,2.83424897114436
step_1sigma,68,0.053155347577867364,0.0,2.83424897114436
step_1sigma,69,8.439309141418043e-05,0.0,2.83424897114436
step_1sigma,70,-0.7215580335428474,0.0,2.83424897114436
step_1sigma,71,0.316494261673308,0.0,2.83424897114436
step_1sigma,72,-0.09728659841348947,0.0,2.83424897114436
step_1sigma,73,2.093168308930595,0.0,2.83424897114436
step_1sigma,74,1.5733549024752425,0.0,2.83424897114436
step_1sigma,75,0.3858465525565008,0.0,2.83424897114436
step_1sigma,76,-0.7630572096947675,0.0,2.83424897114436
step_1sigma,77,-1.112411471983418,0.0,2.83424897114436
step_1sigma,78,1.191142953088865,0.0,2.83424897114436
step_1sigma,79,0.2627492251471385,0.0,2.83424897114436
step_1sigma,80,0.4801434033916108,0.0,2.83424897114436
step_1sigma,81,-1.7445859869741926,0.0,2.83424897114436
step_1sigma,82,0.9274384815581808,0.0,2.83424897114436
step_1sigma,83,0.45442033821436295,0.0,2.83424897114436
step_1sigma,84,-1.110430684414478,0.0,2.83424897114436
step_1sigma,85,-0.47152480744994896,0.0,2.83424897114436
step_1sigma,86,0.2637172043565196,0.0,2.83424897114436
step_1sigma,87,0.05246679835624363,0.0,2.83424897114436
step_1sigma,88,-0.292171185803555,0.0,2.83424897114436
step_1sigma,89,-0.10348826806596086,0.0,2.83424897114436
step_1sigma,90,-0.25197737820688537,0.0,2.83424897114436
step_1sigma,91,0.15256251210246857,0.0,2.83424897114436
step_1sigma,92,1.471491972993157,0.0,2.83424897114436
step_1sigma,93,-2.5666584409312976,0.0,2.83424897114436
step_1sigma,94,-0.23685026450968424,0.0,2.83424897114436
step_1sigma,95,0.17651242137244696,0.0,2.83424897114436
step_1sigma,96,0.2959939896870995,0.0,2.83424897114436
step_1sigma,97,-0.37191458132128985,0.0,2.83424897114436
step_1sigma,98,-1.7567217824785826,0.0,2.83424897114436
step_1sigma,99,0.32799548371410964,0.0,2.83424897114436
step_1sigma,100,2.727350214164185,1.0,2.83424897114436
step_1sigma,101,-0.5338614049161376,1.0,2.83424897114436
step_1sigma,102,1.8638280136981882,1.0,2.83424897114436
step_1sigma,103,0.6714747768771061,1.0,2.83424897114436
step_1sigma,104,0.9386756541711527,1.0,2.83424897114436
step_1sigma,105,-0.05289851070394902,1.0,2.83424897114436
step_1sigma,106,0.6655438276441233,1.0,2.83424897114436
step_1sigma,107,2.3000445946989583,1.0,2.83424897114436
step_1sigma,108,1.5826552419877071,1.0,2.83424897114436
step_1sigma,109,2.732311605409944,1.0,2.83424897114436
step_1sigma,110,2.1774118889776934,1.0,2.83424897114436
step_1sigma,111,1.4390866789295762,1.0,2.83424897114436
step_1sigma,112,2.7439345261677923,1.0,2.83424897114436
step_1sigma,113,1.4389931587382987,1.0,2.83424897114436
step_1sigma,114,1.827988176797059,1.0,2.83424897114436
step_1sigma,115,0.7034290464652917,1.0,2.83424897114436
step_1sigma,116,1.0665458158592047,1.0,2.83424897114436
step_1sigma,117,0.30257617669972314,1.0,2.83424897114436
step_1sigma,118,1.9895839345948532,1.0,2.83424897114436
step_1sigma,119,-0.17830362311486558,1.0,2.83424897114436
step_1sigma,120,1.7823503424176614,1.0,2.83424897114436
step_1sigma,121,0.8093489424948406,1.0,2.83424897114436
step_1sigma,122,2.1712470934673194,1.0,2.83424897114436
step_1sigma,123,1.7508689887312598,1.0,2.83424897114436
step_1sigma,124,2.8206461576468014,1.0,2.83424897114436
step_1sigma,125,1.7307746911386448,1.0,2.83424897114436
step_1sigma,126,-0.5720402556532407,1.0,2.83424897114436
step_1sigma,127,0.9330468271017992,1.0,2.83424897114436
step_1sigma,128,-0.1720071925948159,1.0,2.83424897114436
step_1sigma,129,0.48172015763372533,1.0,2.83424897114436
step_1sigma,130,2.5112284332767216,1.0,2.83424897114436
step_1sigma,131,1.637533810897696,1.0,2.83424897114436
step_1sigma,132,0.3010695714212537,1.0,2.83424897114436
step_1sigma,133,-0.013717366440398893,1.0,2.83424897114436
step_1sigma,134,1.0327820928762608,1.0,2.83424897114436
step_1sigma,135,-0.21656014938112778,1.0,2.83424897114436
step_1sigma,136,0.3288597226034189,1.0,2.83424897114436
step_1sigma,137,1.3120094715512438,1.0,2.83424897114436
step_1sigma,138,2.155312036106696,1.0,2.83424897114436
step_1sigma,139,1.6087614722244399,1.0,2.83424897114436
step_1sigma,140,-1.2912895085981,1.0,2.83424897114436
step_1sigma,141,1.3043667290302599,1.0,2.83424897114436
step_1sigma,142,1.0720335732325779,1.0,2.83424897114436
step_1sigma,143,1.4138902853726931,1.0,2.83424897114436
step_1sigma,144,2.616209681651207,1.0,2.83424897114436
step_1sigma,145,-1.0632382768047428,1.0,2.83424897114436
step_1sigma,146,0.4088965748088944,1.0,2.83424897114436
step_1sigma,147,1.5909063227933546,1.0,2.83424897114436
step_1sigma,148,-0.5815943994539423,1.0,2.83424897114436
step_1sigma,149,2.4759490480535087,1.0,2.83424897114436
step_1sigma,150,1.3683566127006583,1.0,2.83424897114436
step_1sigma,151,1.846583985843404,1.0,2.83424897114436
step_1sigma,152,0.42905633847820546,1.0,2.83424897114436
step_1sigma,153,1.8137636899662106,1.0,2.83424897114436
step_1sigma,154,2.0684715559890385,1.0,2.83424897114436
step_1sigma,155,1.2328780201371683,1.0,2.83424897114436
step_1sigma,156,1.234400892698696,1.0,2.83424897114436
step_1sigma,157,1.270343239281726,1.0,2.83424897114436
step_1sigma,158,0.13665473526061833,1.0,2.83424897114436
step_1sigma,159,0.8524713197596471,1.0,2.83424897114436
step_1sigma,160,0.8474774675476412,1.0,2.83424897114436
step_1sigma,161,1.383393864353495,1.0,2.83424897114436
step_1sigma,162,1.9998242469102947,1.0,2.83424897114436
step_1sigma,163,-0.058536081978409316,1.0,2.83424897114436
step_1sigma,164,0.8749909696804223,1.0,2.83424897114436
step_1sigma,165,2.4814555476589732,1.0,2.83424897114436
step_1sigma,166,0.25641177118743586,1.0,2.83424897114436
step_1sigma,167,0.17774998270967968,1.0,2.83424897114436
step_1sigma,168,1.2023061918311937,1.0,2.83424897114436
step_1sigma,169,1.8443851904853201,1.0,2.83424897114436
step_1sigma,170,1.0114260555606593,1.0,2.83424897114436
step_1sigma,171,2.3289605904369894,1.0,2.83424897114436
step_1sigma,172,1.856793982566527,1.0,2.83424897114436
step_1sigma,173,1.8418200668900617,1.0,2.83424897114436
step_1sigma,174,1.5541165013240934,1.0,2.83424897114436
step_1sigma,175,3.327653100346085,1.0,2.83424897114436
step_1sigma,176,0.7948383111339559,1.0,2.83424897114436
step_1sigma,177,-1.0035222920665139,1.0,2.83424897114436
step_1sigma,178,2.6042543615171407,1.0,2.83424897114436
step_1sigma,179,0.5423005690431744,1.0,2.83424897114436
step_1sigma,180,1.107880444343033,1.0,2.83424897114436
step_1sigma,181,2.309550684860527,1.0,2.83424897114436
step_1sigma,182,-0.6022595410589253,1.0,2.83424897114436
step_1sigma,183,-0.25164721410613944,1.0,2.83424897114436
step_1sigma,184,-0.6012779371188537,1.0,2.83424897114436
step_1sigma,185,0.20586370997457615,1.0,2.83424897114436
step_1sigma,186,1.4396366060169936,1.0,2.83424897114436
step_1sigma,187,1.524187842812771,1.0,2.83424897114436
step_1sigma,188,1.2762741793285537,1.0,2.83424897114436
step_1sigma,189,-0.41276588389236646,1.0,2.83424897114436
step_1sigma,190,-1.310103436632644,1.0,2.83424897114436
step_1sigma,191,1.0543535853903823,1.0,2.83424897114436
step_1sigma,192,0.5282239663616642,1.0,2.83424897114436
step_1sigma,193,1.4593857717166117,1.0,2.83424897114436
step_1sigma,194,1.70195362622127,1.0,2.83424897114436
step_1sigma,195,1.138241432058682,1.0,2.83424897114436
step_1sigma,196,1.7601330853758537,1.0,2.83424897114436
step_1sigma,197,1.2292113741150685,1.0,2.83424897114436
step_1sigma,198,1.5300647056014667,1.0,2.83424897114436
step_1sigma,199,0.2953267371301176,1.0,2.83424897114436
ramp_to_2sigma,0,0.33757454879893356,0.0,2.83424897114436
ramp_to_2sigma,1,1.4074818613137168,0.0,2.83424897114436
ramp_to_2sigma,2,0.09058490690174555,0.0,2.83424897114436
ramp_to_2sigma,3,0.6439387932768579,0.0,2.83424897114436
ramp_to_2sigma,4,-2.0501721010310225,0.0,2.83424897114436
ramp_to_2sigma,5,-0.04871840193011795,0.0,2.83424897114436
ramp_to_2sigma,6,-0.8432302702928711,0.0,2.83424897114436
ramp_to_2sigma,7,-1.218813060423628,0.0,2.83424897114436
ramp_to_2sigma,8,-0.8781523669287508,0.0,2.83424897114436
ramp_to_2sigma,9,-0.33412344070081207,0.0,2.83424897114436
ramp_to_2sigma,10,0.9159025423560131,0.0,2.83424897114436
ramp_to_2sigma,11,-1.326392717739564,0.0,2.83424897114436
ramp_to_2sigma,12,0.030631492594417446,0.0,2.83424897114436
ramp_to_2sigma,13,-0.4841694333335785,0.0,2.83424897114436
ramp_to_2sigma,14,-0.32767309436196085,0.0,2.83424897114436
ramp_to_2sigma,15,1.0027578253046041,0.0,2.83424897114436
ramp_to_2sigma,16,0.5381154370039261,0.0,2.83424897114436
ramp_to_2sigma,17,1.3373981074427437,0.0,2.83424897114436
ramp_to_2sigma,18,-0.15450567924990047,0.0,2.83424897114436
ramp_to_2sigma,19,-0.695942611670703,0.0,2.83424897114436
ramp_to_2sigma,20,-0.22385881688049952,0.0,2.83424897114436
ramp_to_2sigma,21,0.2424967912712216,0.0,2.83424897114436
ramp_to_2sigma,22,0.17657335845371103,0.0,2.83424897114436
ramp_to_2sigma,23,-1.0843880722333665,0.0,2.83424897114436
ramp_to_2sigma,24,0.09048978162787422,0.0,2.83424897114436
ramp_to_2sigma,25,0.22822833013890514,0.0,2.83424897114436
ramp_to_2sigma,26,2.5174740375339204,0.0,2.83424897114436
ramp_to_2sigma,27,1.8768446112816701,0.0,2.83424897114436
ramp_to_2sigma,28,-0.8532433505588201,0.0,2.83424897114436
ramp_to_2sigma,29,-0.2873833615491761,0.0,2.83424897114436
ramp_to_2sigma,30,-1.4634420018370031,0.0,2.83424897114436
ramp_to_2sigma,31,-0.5907070139634865,0.0,2.83424897114436
ramp_to_2sigma,32,0.3156050035903405,0.0,2.83424897114436
ramp_to_2sigma,33,1.2058536208882336,0.0,2.83424897114436
ramp_to_2sigma,34,-0.7290838377436085,0.0,2.83424897114436
ramp_to_2sigma,35,-0.6541464400677965,0.0,2.83424897114436
ramp_to_2sigma,36,-2.147289029738655,0.0,2.83424897114436
ramp_to_2sigma,37,-0.16266592054490767,0.0,2.83424897114436
ramp_to_2sigma,38,-1.062414411859563,0.0,2.83424897114436
ramp_to_2sigma,39,-0.5294394273660737,0.0,2.83424897114436
ramp_to_2sigma,40,-0.8768607781675882,0.0,2.83424897114436
ramp_to_2sigma,41,-0.09426255425255699,0.0,2.83424897114436
ramp_to_2sigma,42,-1.7577283913566313,0.0,2.83424897114436
ramp_to_2sigma,43,-1.4670452453909906,0.0,2.83424897114436
ramp_to_2sigma,44,2.129247112028298,0.0,2.83424897114436
ramp_to_2sigma,45,-1.287422581274031,0.0,2.83424897114436
ramp_to_2sigma,46,-1.0967855784546396,0.0,2.83424897114436
ramp_to_2sigma,47,1.836913528321314,0.0,2.83424897114436
ramp_to_2sigma,48,2.905067169240407,0.0,2.83424897114436
ramp_to_2sigma,49,-1.1715666288253417,0.0,2.83424897114436
ramp_to_2sigma,50,-0.36824895678803055,0.0,2.83424897114436
ramp_to_2sigma,51,0.34155555094050954,0.0,2.83424897114436
ramp_to_2sigma,52,1.7286976444055924,0.0,2.83424897114436
ramp_to_2sigma,53,-0.9868570784282374,0.0,2.83424897114436
ramp_to_2sigma,54,-0.24527784594210975,0.0,2.83424897114436
ramp_to_2sigma,55,0.777337576061744,0.0,2.83424897114436
ramp_to_2sigma,56,0.43476607446661863,0.0,2.83424897114436
ramp_to_2sigma,57,-0.37615607123009925,0.0,2.83424897114436
ramp_to_2sigma,58,-0.13382296451604114,0.0,2.83424897114436
ramp_to_2sigma,59,-1.3748958083699818,0.0,2.83424897114436
ramp_to_2sigma,60,-0.23817374397466523,0.0,2.83424897114436
ramp_to_2sigma,61,-0.2663874900089551,0.0,2.83424897114436
ramp_to_2sigma,62,0.23216988962625595,0.0,2.83424897114436
ramp_to_2sigma,63,-0.555327218819016,0.0,2.83424897114436
ramp_to_2sigma,64,0.471538522545139,0.0,2.83424897114436
ramp_to_2sigma,65,1.0127158178198286,0.0,2.83424897114436
ramp_to_2sigma,66,0.15542932766846604,0.0,2.83424897114436
ramp_to_2sigma,67,0.35175640839920347,0.0,2.83424897114436
ramp_to_2sigma,68,0.053155347577867364,0.0,2.83424897114436
ramp_to_2sigma,69,8.439309141418043e-05,0.0,2.83424897114436
ramp_to_2sigma,70,-0.7215580335428474,0.0,2.83424897114436
ramp_to_2sigma,71,0.316494261673308,0.0,2.83424897114436
ramp_to_2sigma,72,-0.09728659841348947,0.0,2.83424897114436
ramp_to_2sigma,73,2.093168308930595,0.0,2.83424897114436
ramp_to_2sigma,74,1.5733549024752425,0.0,2.83424897114436
ramp_to_2sigma,75,0.3858465525565008,0.0,2.83424897114436
ramp_to_2sigma,76,-0.7630572096947675,0.0,2.83424897114436
ramp_to_2sigma,77,-1.112411471983418,0.0,2.83424897114436
ramp_to_2sigma,78,1.191142953088865,0.0,2.83424897114436
ramp_to_2sigma,79,0.2627492251471385,0.0,2.83424897114436
ramp_to_2sigma,80,0.4801434033916108,0.0,2.83424897114436
ramp_to_2sigma,81,-1.7445859869741926,0.0,2.83424897114436
ramp_to_2sigma,82,0.9274384815581808,0.0,2.83424897114436
ramp_to_2sigma,83,0.45442033821436295,0.0,2.83424897114436
ramp_to_2sigma,84,-1.110430684414478,0.0,2.83424897114436
ramp_to_2sigma,85,-0.47152480744994896,0.0,2.83424897114436
ramp_to_2sigma,86,0.2637172043565196,0.0,2.83424897114436
ramp_to_2sigma,87,0.05246679835624363,0.0,2.83424897114436
ramp_to_2sigma,88,-0.292171185803555,0.0,2.83424897114436
ramp_to_2sigma,89,-0.10348826806596086,0.0,2.83424897114436
ramp_to_2sigma,90,-0.25197737820688537,0.0,2.83424897114436
ramp_to_2sigma,91,0.15256251210246857,0.0,2.83424897114436
ramp_to_2sigma,92,1.471491972993157,0.0,2.83424897114436
ramp_to_2sigma,93,-2.5666584409312976,0.0,2.83424897114436
ramp_to_2sigma,94,-0.23685026450968424,0.0,2.83424897114436
ramp_to_2sigma,95,0.17651242137244696,0.0,2.83424897114436
ramp_to_2sigma,96,0.2959939896870995,0.0,2.83424897114436
ramp_to_2sigma,97,-0.37191458132128985,0.0,2.83424897114436
ramp_to_2sigma,98,-1.7567217824785826,0.0,2.83424897114436
ramp_to_2sigma,99,0.32799548371410964,0.0,2.83424897114436
ramp_to_2sigma,100,1.727350214164185,0.0,2.83424897114436
ramp_to_2sigma,101,-1.5136593847141175,0.020202020202020204,2.83424897114436
ramp_to_2sigma,102,0.9042320541022287,0.04040404040404041,2.83424897114436
ramp_to_2sigma,103,-0.2679191625168333,0.06060606060606061,2.83424897114436
ramp_to_2sigma,104,0.019483734979233516,0.08080808080808081,2.83424897114436
ramp_to_2sigma,105,-0.951888409693848,0.10101010101010102,2.83424897114436
ramp_to_2sigma,106,-0.21324405114375544,0.12121212121212122,2.83424897114436
ramp_to_2sigma,107,1.4414587361131,0.14141414141414144,2.83424897114436
ramp_to_2sigma,108,0.7442714036038687,0.16161616161616163,2.83424897114436
ramp_to_2sigma,109,1.914129787228126,0.18181818181818182,2.83424897114436
ramp_to_2sigma,110,1.3794320909978957,0.20202020202020204,2.83424897114436
ramp_to_2sigma,111,0.6613089011517984,0.22222222222222224,2.83424897114436
ramp_to_2sigma,112,1.9863587685920345,0.24242424242424243,2.83424897114436
ramp_to_2sigma,113,0.7016194213645615,0.26262626262626265,2.83424897114436
ramp_to_2sigma,114,1.1108164596253418,0.2828282828282829,2.83424897114436
ramp_to_2sigma,115,0.0064593494955946795,0.30303030303030304,2.83424897114436
ramp_to_2sigma,116,0.3897781390915281,0.32323232323232326,2.83424897114436
ramp_to_2sigma,117,-0.3539894798659334,0.3434343434343435,2.83424897114436
ramp_to_2sigma,118,1.3532202982312167,0.36363636363636365,2.83424897114436
ramp_to_2sigma,119,-0.7944652392764817,0.38383838383838387,2.83424897114436
ramp_to_2sigma,120,1.1863907464580654,0.4040404040404041,2.83424897114436
ramp_to_2sigma,121,0.2335913667372648,0.42424242424242425,2.83424897114436
ramp_to_2sigma,122,1.6156915379117638,0.4444444444444445,2.83424897114436
ramp_to_2sigma,123,1.2155154533777246,0.4646464646464647,2.83424897114436
ramp_to_2sigma,124,2.3054946424952867,0.48484848484848486,2.83424897114436
ramp_to_2sigma,125,1.23582519618915,0.5050505050505051,2.83424897114436
ramp_to_2sigma,126,-1.0467877304007154,0.5252525252525253,2.83424897114436
ramp_to_2sigma,127,0.4785013725563447,0.5454545454545455,2.83424897114436
ramp_to_2sigma,128,-0.6063506269382501,0.5656565656565657,2.83424897114436
ramp_to_2sigma,129,0.06757874349231119,0.5858585858585859,2.83424897114436
ramp_to_2sigma,130,2.1172890393373276,0.6060606060606061,2.83424897114436
ramp_to_2sigma,131,1.2637964371603223,0.6262626262626263,2.83424897114436
ramp_to_2sigma,132,-0.0524657821140998,0.6464646464646465,2.83424897114436
ramp_to_2sigma,133,-0.34705069977373215,0.6666666666666667,2.83424897114436
ramp_to_2sigma,134,0.7196507797449477,0.686868686868687,2.83424897114436
ramp_to_2sigma,135,-0.5094894423104206,0.7070707070707072,2.83424897114436
ramp_to_2sigma,136,0.056132449876146184,0.7272727272727273,2.83424897114436
ramp_to_2sigma,137,1.0594842190259914,0.7474747474747475,2.83424897114436
ramp_to_2sigma,138,1.922988803783464,0.7676767676767677,2.83424897114436
ramp_to_2sigma,139,1.3966402601032277,0.787878787878788,2.83424897114436
ramp_to_2sigma,140,-1.4832087005172918,0.8080808080808082,2.83424897114436
ramp_to_2sigma,141,1.1326495573130881,0.8282828282828284,2.83424897114436
ramp_to_2sigma,142,0.9205184217174265,0.8484848484848485,2.83424897114436
ramp_to_2sigma,143,1.2825771540595619,0.8686868686868687,2.83424897114436
ramp_to_2sigma,144,2.5050985705400963,0.888888888888889,2.83424897114436
ramp_to_2sigma,145,-1.1541473677138336,0.9090909090909092,2.83424897114436
ramp_to_2sigma,146,0.3381895041018238,0.9292929292929294,2.83424897114436
ramp_to_2sigma,147,1.5404012722883043,0.9494949494949496,2.83424897114436
ramp_to_2sigma,148,-0.6118974297569726,0.9696969696969697,2.83424897114436
ramp_to_2sigma,149,2.4658480379524987,0.98989898989899,2.83424897114436
ramp_to_2sigma,150,1.3784576228016685,1.0101010101010102,2.83424897114436
ramp_to_2sigma,151,1.8768870161464344,1.0303030303030305,2.83424897114436
ramp_to_2sigma,152,0.47956138898325607,1.0505050505050506,2.83424897114436
ramp_to_2sigma,153,1.8844707606732811,1.0707070707070707,2.83424897114436
ramp_to_2sigma,154,2.1593806468981294,1.090909090909091,2.83424897114436
ramp_to_2sigma,155,1.3439891312482795,1.1111111111111112,2.83424897114436
ramp_to_2sigma,156,1.3657140240118275,1.1313131313131315,2.83424897114436
ramp_to_2sigma,157,1.4218583907968774,1.1515151515151516,2.83424897114436
ramp_to_2sigma,158,0.30837190697779004,1.1717171717171717,2.83424897114436
ramp_to_2sigma,159,1.0443905116788392,1.191919191919192,2.83424897114436
ramp_to_2sigma,160,1.0595986796688535,1.2121212121212122,2.83424897114436
ramp_to_2sigma,161,1.6157170966767276,1.2323232323232325,2.83424897114436
ramp_to_2sigma,162,2.2523494994355473,1.2525252525252526,2.83424897114436
ramp_to_2sigma,163,0.2141911907488636,1.272727272727273,2.83424897114436
ramp_to_2sigma,164,1.1679202626097154,1.292929292929293,2.83424897114436
ramp_to_2sigma,165,2.7945868607902864,1.3131313131313131,2.83424897114436
ramp_to_2sigma,166,0.5897451045207693,1.3333333333333335,2.83424897114436
ramp_to_2sigma,167,0.5312853362450333,1.3535353535353536,2.83424897114436
ramp_to_2sigma,168,1.5760435655685674,1.373737373737374,2.83424897114436
ramp_to_2sigma,169,2.2383245844247144,1.393939393939394,2.83424897114436
ramp_to_2sigma,170,1.4255674697020737,1.4141414141414144,2.83424897114436
ramp_to_2sigma,171,2.7633040247804237,1.4343434343434345,2.83424897114436
ramp_to_2sigma,172,2.3113394371119815,1.4545454545454546,2.83424897114436
ramp_to_2sigma,173,2.3165675416375366,1.474747474747475,2.83424897114436
ramp_to_2sigma,174,2.049065996273588,1.494949494949495,2.83424897114436
ramp_to_2sigma,175,3.8428046154976006,1.5151515151515154,2.83424897114436
ramp_to_2sigma,176,1.3301918464874913,1.5353535353535355,2.83424897114436
ramp_to_2sigma,177,-0.4479667365109583,1.5555555555555556,2.83424897114436
ramp_to_2sigma,178,3.180011937274717,1.575757575757576,2.83424897114436
ramp_to_2sigma,179,1.1382601650027704,1.595959595959596,2.83424897114436
ramp_to_2sigma,180,1.7240420605046494,1.6161616161616164,2.83424897114436
ramp_to_2sigma,181,2.9459143212241634,1.6363636363636365,2.83424897114436
ramp_to_2sigma,182,0.05430611550673148,1.6565656565656568,2.83424897114436
ramp_to_2sigma,183,0.42512046266153747,1.676767676767677,2.83424897114436
ramp_to_2sigma,184,0.09569175985084333,1.696969696969697,2.83424897114436
ramp_to_2sigma,185,0.9230354271462935,1.7171717171717173,2.83424897114436
ramp_to_2sigma,186,2.177010343390731,1.7373737373737375,2.83424897114436
ramp_to_2sigma,187,2.281763600388529,1.7575757575757578,2.83424897114436
ramp_to_2sigma,188,2.054051957106332,1.777777777777778,2.83424897114436
ramp_to_2sigma,189,0.3852139140874318,1.7979797979797982,2.83424897114436
ramp_to_2sigma,190,-0.4919216184508257,1.8181818181818183,2.83424897114436
ramp_to_2sigma,191,1.8927374237742207,1.8383838383838385,2.83424897114436
ramp_to_2sigma,192,1.3868098249475231,1.8585858585858588,2.83424897114436
ramp_to_2sigma,193,2.3381736505044906,1.878787878787879,2.83424897114436
ramp_to_2sigma,194,2.6009435252111692,1.8989898989898992,2.83424897114436
ramp_to_2sigma,195,2.057433351250601,1.9191919191919193,2.83424897114436
ramp_to_2sigma,196,2.699527024769793,1.9393939393939394,2.83424897114436
ramp_to_2sigma,197,2.1888073337110283,1.9595959595959598,2.83424897114436
ramp_to_2sigma,198,2.5098626853994466,1.97979797979798,2.83424897114436
ramp_to_2sigma,199,1.2953267371301176,2.0,2.83424897114436
