window,model,rows,failures,failure_rate,average_precision,roc_auc,brier_score,status
1,selected_policy,157,9,0.05732484076433121,0.08719664618916004,0.5277777777777777,0.1486915871383293,ok
1,constant_prevalence,157,9,0.05732484076433121,0.05732484076433121,0.5,0.054836397907461885,ok
1,logistic_selected,157,9,0.05732484076433121,0.08719664618916004,0.5277777777777777,0.1486915871383293,ok
1,random_forest,157,9,0.05732484076433121,0.37123973297176,0.7034534534534534,0.05372570992073991,ok
1,rf_without_selection,157,9,0.05732484076433121,0.2714477024794681,0.6509009009009009,0.0532069831414144,ok
1,rf_missing_indicator,157,9,0.05732484076433121,0.16629564726308094,0.6644144144144144,0.055617853592765394,ok
2,selected_policy,156,2,0.01282051282051282,0.012784921098772647,0.25,0.18787856718253593,ok
2,constant_prevalence,156,2,0.01282051282051282,0.01282051282051282,0.5,0.017284303142157377,ok
2,logistic_selected,156,2,0.01282051282051282,0.012784921098772647,0.25,0.18787856718253593,ok
2,random_forest,156,2,0.01282051282051282,0.028133903133903133,0.5844155844155844,0.018854695945360034,ok
2,rf_without_selection,156,2,0.01282051282051282,0.08575581395348837,0.8441558441558442,0.01719487661248625,ok
2,rf_missing_indicator,156,2,0.01282051282051282,0.05745341614906832,0.814935064935065,0.017956933402704236,ok
3,selected_policy,157,9,0.05732484076433121,0.09184202706045637,0.5608108108108107,0.054470077936071774,ok
3,constant_prevalence,157,9,0.05732484076433121,0.05732484076433121,0.5,0.05423033321987433,ok
3,logistic_selected,157,9,0.05732484076433121,0.11324120885136413,0.5255255255255256,0.1260227766016187,ok
3,random_forest,157,9,0.05732484076433121,0.09184202706045637,0.5608108108108107,0.054470077936071774,ok
3,rf_without_selection,157,9,0.05732484076433121,0.0839366591323582,0.5570570570570571,0.05435391434877782,ok
3,rf_missing_indicator,157,9,0.05732484076433121,0.06386096161595384,0.5007507507507507,0.05575071332187519,ok
4,selected_policy,314,17,0.054140127388535034,0.18478294818719737,0.6468607645078234,0.18239621422360602,ok
4,constant_prevalence,314,17,0.054140127388535034,0.054140127388535034,0.5,0.05144285695664376,ok
4,logistic_selected,314,17,0.054140127388535034,0.18478294818719737,0.6468607645078234,0.18239621422360602,ok
4,random_forest,314,17,0.054140127388535034,0.08737444626521616,0.6159635571400277,0.053206677392469724,ok
4,rf_without_selection,314,17,0.054140127388535034,0.08978475801683394,0.5561497326203209,0.052120728259537945,ok
4,rf_missing_indicator,314,17,0.054140127388535034,0.07471788603865727,0.5963557140027728,0.054607129714896896,ok
